Player,Pos,Age,Tm,G,GS,MP,FG,FGA,FG%,3P,3PA,3P%,2P,2PA,2P%,eFG%,FT,FTA,FT%,ORB,DRB,TRB,AST,STL,BLK,TOV,PF,PTS
Precious Achiuwa,C,23,TOR,40,11,22.7,3.8,7.9,.479,0.5,2.0,.256,3.3,5.9,.553,.511,1.8,2.7,.689,2.0,4.4,6.4,1.0,0.6,0.7,1.2,2.1,9.9
Steven Adams,C,29,MEM,42,42,27.0,3.7,6.3,.597,0.0,0.0,.000,3.7,6.2,.599,.597,1.1,3.1,.364,5.1,6.5,11.5,2.3,0.9,1.1,1.9,2.3,8.6
Bam Adebayo,C,25,MIA,59,59,35.0,8.4,15.6,.536,0.0,0.2,.083,8.4,15.4,.542,.536,4.4,5.5,.805,2.6,7.1,9.7,3.2,1.2,0.8,2.5,2.8,21.2
Ochai Agbaji,SG,22,UTA,41,4,16.0,1.9,4.1,.464,1.0,2.6,.383,0.9,1.5,.607,.586,0.4,0.5,.682,0.7,1.1,1.8,0.6,0.2,0.1,0.4,1.5,5.2
Santi Aldama,PF,22,MEM,59,18,21.9,3.3,6.9,.472,1.3,3.6,.358,2.0,3.3,.598,.566,1.3,1.8,.725,1.0,3.6,4.6,1.2,0.7,0.7,0.7,1.9,9.2
Nickeil Alexander-Walker,SG,24,TOT,42,3,14.7,2.3,4.9,.478,1.0,2.5,.417,1.3,2.4,.539,.583,0.6,1.0,.675,0.2,1.4,1.7,2.0,0.6,0.4,1.2,1.5,6.3
Nickeil Alexander-Walker,SG,24,UTA,36,3,14.7,2.3,4.7,.488,1.0,2.4,.402,1.3,2.3,.578,.591,0.8,1.1,.692,0.2,1.4,1.6,2.1,0.7,0.4,1.3,1.6,6.3
Nickeil Alexander-Walker,SG,24,MIN,6,0,14.7,2.5,5.8,.429,1.3,2.7,.500,1.2,3.2,.368,.543,0.0,0.2,.000,0.3,1.5,1.8,1.2,0.3,0.5,0.7,1.0,6.3
Grayson Allen,SG,27,MIL,58,56,27.6,3.4,7.7,.442,2.0,5.0,.405,1.4,2.7,.509,.573,1.7,1.8,.897,0.9,2.4,3.4,2.4,0.8,0.2,1.1,1.7,10.5
Jarrett Allen,C,24,CLE,58,58,33.3,6.1,9.4,.652,0.0,0.2,.111,6.1,9.2,.661,.653,2.4,3.3,.731,3.2,6.7,9.9,1.6,0.8,1.2,1.4,2.2,14.7
Jose Alvarado,PG,24,NOP,61,10,21.5,3.3,8.0,.411,1.4,4.0,.336,1.9,4.0,.488,.496,1.1,1.3,.813,0.5,1.9,2.3,3.0,1.1,0.2,1.3,2.0,9.0
Kyle Anderson,PF,29,MIN,52,36,26.4,3.2,6.4,.503,0.6,1.4,.417,2.6,5.0,.527,.548,1.7,2.2,.768,0.8,4.1,4.9,4.1,1.2,0.8,1.4,2.2,8.7
Giannis Antetokounmpo,PF,28,MIL,50,50,32.3,11.2,20.7,.541,0.8,2.9,.286,10.3,17.7,.584,.561,8.1,12.5,.645,2.2,9.7,12.0,5.4,0.7,0.8,3.9,3.3,31.3
Thanasis Antetokounmpo,SF,30,MIL,28,0,4.0,0.2,0.8,.273,0.0,0.2,.000,0.2,0.6,.353,.273,0.1,0.3,.500,0.3,0.7,1.0,0.1,0.1,0.1,0.3,0.5,0.6
Cole Anthony,PG,22,ORL,44,3,25.0,4.3,9.6,.447,1.1,3.3,.340,3.2,6.3,.502,.505,2.6,2.9,.883,0.6,3.9,4.5,4.1,0.6,0.6,1.5,2.5,12.2
OG Anunoby,SF,25,TOR,50,50,35.8,6.1,13.5,.456,1.9,5.2,.362,4.3,8.3,.516,.526,2.4,2.9,.828,1.5,3.9,5.4,2.0,2.0,0.8,2.2,3.1,16.6
Ryan Arcidiacono,PG,28,TOT,14,1,4.9,0.3,1.0,.286,0.3,0.6,.444,0.0,0.4,.000,.429,0.0,0.0,0,0.0,0.7,0.7,0.6,0.1,0.0,0.2,0.4,0.9
Ryan Arcidiacono,PG,28,NYK,11,0,2.4,0.1,0.5,.200,0.1,0.3,.333,0.0,0.2,.000,.300,0.0,0.0,0,0.0,0.4,0.4,0.2,0.2,0.0,0.1,0.3,0.3
Ryan Arcidiacono,PG,28,POR,3,1,14.3,1.0,3.0,.333,1.0,2.0,.500,0.0,1.0,.000,.500,0.0,0.0,0,0.0,2.0,2.0,2.0,0.0,0.0,0.7,1.0,3.0
Deni Avdija,SF,22,WAS,60,34,26.4,3.2,7.5,.432,0.9,3.0,.287,2.4,4.4,.530,.490,1.7,2.2,.750,1.1,5.3,6.4,2.5,0.9,0.5,1.4,2.8,9.0
Deandre Ayton,C,24,PHO,55,55,30.3,8.0,13.6,.592,0.1,0.4,.304,7.9,13.2,.601,.596,2.3,3.0,.743,2.7,7.4,10.1,2.0,0.6,0.8,1.9,2.9,18.5
Udoka Azubuike,C,23,UTA,26,0,5.9,0.9,1.1,.828,0.0,0.0,0,0.9,1.1,.828,.828,0.1,0.3,.250,0.6,1.5,2.2,0.2,0.2,0.3,0.4,0.5,1.9
Marvin Bagley III,C,23,DET,28,13,21.5,4.6,8.6,.535,0.3,1.3,.243,4.3,7.3,.588,.554,1.7,2.4,.716,2.5,4.2,6.7,0.6,0.5,0.7,0.9,2.0,11.3
Patrick Baldwin Jr.,SF,20,GSW,21,0,8.8,1.8,4.2,.432,1.4,3.2,.433,0.4,1.0,.429,.597,0.2,0.3,.667,0.0,1.5,1.6,0.3,0.3,0.1,0.4,0.5,5.2
LaMelo Ball,PG,21,CHO,36,36,35.2,8.2,20.0,.411,4.0,10.6,.376,4.2,9.4,.450,.510,2.8,3.4,.836,1.2,5.3,6.4,8.4,1.3,0.3,3.6,3.3,23.3
Mo Bamba,C,24,TOT,46,7,16.5,2.5,5.1,.492,1.0,2.7,.393,1.5,2.5,.596,.593,0.9,1.3,.661,1.2,3.6,4.8,1.0,0.3,0.9,0.7,2.2,7.0
Mo Bamba,C,24,ORL,40,6,17.0,2.7,5.4,.495,1.1,2.7,.398,1.6,2.7,.594,.596,0.9,1.3,.686,1.2,3.4,4.6,1.1,0.3,1.0,0.6,2.2,7.3
Mo Bamba,C,24,LAL,6,1,13.2,1.7,3.7,.455,0.8,2.3,.357,0.8,1.3,.625,.568,1.0,1.8,.545,1.2,4.7,5.8,0.7,0.2,0.7,1.3,2.7,5.2
Paolo Banchero,PF,20,ORL,57,57,33.7,6.6,15.6,.422,1.1,4.1,.273,5.5,11.5,.474,.457,5.6,7.4,.752,1.1,5.5,6.6,3.6,0.9,0.5,2.7,2.2,19.9
Desmond Bane,SG,24,MEM,40,40,31.0,7.5,16.0,.470,3.0,7.1,.418,4.6,8.9,.511,.562,3.3,3.6,.903,0.8,4.3,5.1,4.0,1.0,0.4,2.1,2.4,21.3
Dalano Banton,PG,23,TOR,27,2,9.3,1.7,4.1,.411,0.5,1.7,.283,1.2,2.4,.500,.469,0.6,0.7,.789,0.3,1.0,1.3,1.1,0.5,0.4,0.6,1.1,4.4
Dominick Barlow,SF,19,SAS,12,0,9.7,1.2,2.2,.538,0.0,0.3,.000,1.2,1.8,.636,.538,0.8,0.8,.900,1.3,1.2,2.4,0.7,0.2,0.3,0.5,1.8,3.1
Harrison Barnes,PF,30,SAC,62,62,32.8,4.6,9.7,.473,1.6,4.4,.374,2.9,5.3,.557,.558,4.2,5.0,.842,1.0,3.7,4.7,1.6,0.7,0.1,1.1,1.3,15.0
Scottie Barnes,PF,21,TOR,61,60,35.3,6.0,13.3,.450,0.9,3.1,.302,5.0,10.2,.495,.485,2.6,3.3,.765,2.4,4.6,7.0,4.8,1.0,0.9,2.0,2.3,15.4
RJ Barrett,SG,22,NYK,58,58,33.9,6.9,16.0,.431,1.8,5.3,.330,5.1,10.6,.481,.486,3.9,5.2,.751,0.9,4.2,5.1,2.8,0.5,0.2,2.3,2.6,19.4
Will Barton,SG,32,TOT,42,0,18.9,2.6,6.9,.382,1.2,3.3,.371,1.4,3.5,.392,.472,0.8,1.1,.778,0.2,2.4,2.6,2.3,0.4,0.2,1.1,0.9,7.3
Will Barton,SG,32,WAS,40,0,19.6,2.8,7.1,.386,1.3,3.5,.377,1.5,3.7,.395,.477,0.9,1.1,.778,0.3,2.5,2.8,2.4,0.4,0.3,1.1,1.0,7.7
Will Barton,SG,32,TOR,2,0,5.5,0.0,1.5,.000,0.0,1.0,.000,0.0,0.5,.000,.000,0.0,0.0,0,0.0,0.0,0.0,0.5,0.5,0.0,0.0,0.0,0.0
Charles Bassey,C,22,SAS,30,1,14.2,2.2,3.5,.632,0.1,0.2,.429,2.1,3.3,.646,.646,0.7,1.1,.625,2.2,3.5,5.6,1.3,0.4,1.0,1.2,2.0,5.2
Keita Bates-Diop,SF,27,SAS,49,27,21.0,3.1,6.4,.487,0.6,1.7,.346,2.6,4.8,.536,.532,1.5,1.9,.791,1.0,2.5,3.5,1.3,0.7,0.3,0.8,1.0,8.3
Nicolas Batum,PF,34,LAC,62,12,22.2,2.1,5.0,.424,1.6,4.1,.389,0.5,0.9,.579,.583,0.5,0.7,.667,0.9,3.3,4.2,1.5,0.7,0.7,0.7,2.0,6.3
Darius Bazley,PF,22,TOT,37,1,15.2,1.9,4.3,.450,0.5,1.2,.391,1.5,3.1,.474,.506,1.0,1.8,.554,0.8,2.6,3.4,0.9,0.5,0.8,0.6,1.0,5.4
Darius Bazley,PF,22,OKC,36,1,15.4,2.0,4.4,.449,0.5,1.3,.400,1.5,3.1,.469,.506,1.0,1.8,.554,0.8,2.6,3.4,0.9,0.5,0.8,0.6,1.0,5.4
Darius Bazley,PF,22,PHO,1,0,7.0,1.0,2.0,.500,0.0,1.0,.000,1.0,1.0,1.000,.500,0.0,0.0,0,0.0,3.0,3.0,1.0,1.0,1.0,0.0,3.0,2.0
Bradley Beal,SG,29,WAS,40,40,33.1,8.8,17.1,.514,1.7,4.6,.377,7.1,12.5,.564,.564,3.6,4.3,.838,0.8,2.8,3.6,5.4,0.9,0.6,2.8,1.9,22.9
Malik Beasley,SG,26,TOT,63,19,26.7,4.8,12.2,.396,3.1,8.6,.359,1.7,3.6,.485,.523,0.6,0.8,.796,0.5,3.1,3.6,1.7,0.9,0.1,1.1,1.5,13.3
Malik Beasley,SG,26,UTA,55,13,26.8,4.8,12.2,.396,3.1,8.6,.359,1.7,3.6,.485,.522,0.7,0.8,.841,0.5,3.1,3.6,1.7,0.8,0.1,1.1,1.4,13.4
Malik Beasley,SG,26,LAL,8,6,26.5,4.9,12.3,.398,3.1,8.6,.362,1.8,3.6,.483,.526,0.3,0.6,.400,0.3,3.5,3.8,1.6,1.5,0.0,1.4,2.1,13.1
MarJon Beauchamp,SF,22,MIL,41,9,14.0,2.0,5.0,.390,0.9,2.9,.317,1.0,2.1,.494,.483,0.5,0.7,.724,0.8,1.4,2.2,0.6,0.4,0.1,0.9,1.5,5.3
Dāvis Bertāns,PF,30,DAL,34,0,10.6,1.4,3.3,.423,1.1,2.9,.381,0.3,0.4,.714,.590,0.3,0.4,.833,0.2,0.8,0.9,0.4,0.2,0.1,0.3,1.1,4.1
Patrick Beverley,PG,34,TOT,50,50,27.0,2.1,5.2,.402,1.1,3.4,.333,1.0,1.8,.533,.511,0.9,1.2,.721,0.6,2.8,3.4,2.8,0.9,0.6,0.9,2.7,6.2
Patrick Beverley,PG,34,LAL,45,45,26.9,2.2,5.4,.402,1.2,3.5,.348,0.9,1.8,.506,.517,0.9,1.1,.780,0.5,2.6,3.1,2.6,0.9,0.6,0.9,2.8,6.4
Patrick Beverley,PG,34,CHI,5,5,28.0,1.6,4.0,.400,0.4,2.6,.154,1.2,1.4,.857,.450,1.0,2.2,.455,1.4,4.4,5.8,4.2,0.8,0.8,0.8,2.4,4.6
Saddiq Bey,SF,23,TOT,58,32,28.4,4.6,11.2,.407,2.0,5.5,.358,2.6,5.7,.455,.495,3.2,3.7,.860,1.2,3.5,4.6,1.5,0.9,0.2,1.0,1.7,14.3
Saddiq Bey,SF,23,DET,52,30,28.8,4.7,11.7,.404,1.9,5.6,.345,2.8,6.0,.460,.488,3.5,4.0,.861,1.1,3.5,4.7,1.6,1.0,0.2,1.0,1.7,14.8
Saddiq Bey,SF,23,ATL,6,2,25.0,3.3,7.5,.444,2.3,4.7,.500,1.0,2.8,.353,.600,0.7,0.8,.800,1.3,3.2,4.5,0.8,0.7,0.2,0.7,1.7,9.7
Khem Birch,C,30,TOR,20,0,8.1,1.0,1.6,.594,0.1,0.1,.500,0.9,1.5,.600,.609,0.2,0.3,.800,0.4,0.9,1.3,0.4,0.3,0.3,0.4,1.2,2.2
Goga Bitadze,C,23,TOT,23,0,9.4,1.3,2.5,.526,0.2,0.7,.313,1.1,1.8,.610,.570,0.6,1.1,.500,1.2,1.3,2.5,0.8,0.4,0.4,0.5,1.5,3.4
Goga Bitadze,C,23,IND,21,0,9.6,1.3,2.5,.519,0.2,0.7,.286,1.1,1.8,.605,.558,0.5,1.1,.458,1.2,1.1,2.3,0.9,0.4,0.5,0.6,1.6,3.3
Goga Bitadze,C,23,ORL,2,0,7.0,1.5,2.5,.600,0.5,1.0,.500,1.0,1.5,.667,.700,1.0,1.0,1.000,1.0,3.0,4.0,0.5,0.0,0.0,0.0,0.5,4.5
Bismack Biyombo,C,30,PHO,46,9,14.0,1.7,3.0,.572,0.0,0.0,0,1.7,3.0,.572,.572,0.3,1.1,.314,1.1,3.0,4.1,0.9,0.3,1.3,0.9,1.8,3.8
Buddy Boeheim,PG,23,DET,1,0,1.0,0.0,0.0,0,0.0,0.0,0,0.0,0.0,0,0,0.0,0.0,0,0.0,0.0,0.0,0.0,0.0,0.0,0.0,0.0,0.0
Bogdan Bogdanović,SG,30,ATL,38,5,29.2,5.3,12.1,.437,2.8,6.9,.398,2.5,5.2,.490,.551,1.1,1.4,.796,0.4,2.9,3.3,2.9,0.8,0.4,1.2,1.7,14.5
Bojan Bogdanović,PF,33,DET,59,59,32.1,7.3,14.9,.488,2.5,6.0,.411,4.8,9.0,.539,.570,4.5,5.1,.884,0.6,3.2,3.8,2.6,0.6,0.1,2.3,1.9,21.6
Bol Bol,PF,23,ORL,59,32,22.5,4.0,7.0,.575,0.5,1.5,.315,3.6,5.5,.646,.609,1.2,1.6,.745,1.1,4.9,6.0,0.9,0.4,1.3,1.7,1.3,9.7
Leandro Bolmaro,SG,22,UTA,14,0,4.9,0.2,1.4,.150,0.0,0.3,.000,0.2,1.1,.188,.150,0.0,0.0,0,0.3,0.2,0.5,0.5,0.2,0.1,0.5,0.7,0.4
Devin Booker,SG,26,PHO,37,37,34.1,9.7,20.4,.477,2.3,6.3,.361,7.5,14.1,.530,.533,5.2,6.3,.836,0.8,3.8,4.6,5.7,0.8,0.4,2.4,2.8,27.0
Brandon Boston Jr.,SG,21,LAC,21,1,11.8,2.4,5.8,.421,0.6,1.4,.414,1.9,4.4,.424,.471,1.4,1.8,.763,0.3,1.0,1.4,0.9,0.4,0.0,0.6,1.0,6.8
Chris Boucher,PF,30,TOR,58,0,20.5,3.5,7.1,.493,0.9,2.6,.333,2.6,4.5,.584,.553,1.8,2.5,.743,2.2,3.6,5.8,0.4,0.7,0.9,0.5,1.9,9.7
James Bouknight,SG,22,CHO,26,0,13.6,1.5,4.7,.328,0.6,2.5,.250,0.9,2.2,.414,.393,0.6,0.8,.682,0.2,1.8,2.0,1.1,0.5,0.2,0.7,1.1,4.3
Jamaree Bouyea,PG,23,MIA,4,0,16.3,1.5,3.3,.462,0.5,1.3,.400,1.0,2.0,.500,.538,0.3,0.5,.500,0.3,1.0,1.3,1.0,1.0,0.5,1.0,1.3,3.8
Tony Bradley,C,25,CHI,12,0,2.8,0.5,1.0,.500,0.3,0.4,.600,0.3,0.6,.429,.625,0.3,0.3,1.000,0.1,0.8,0.9,0.1,0.1,0.1,0.1,0.2,1.6
Malaki Branham,SF,19,SAS,49,16,22.5,3.7,8.4,.444,1.1,3.6,.309,2.6,4.7,.547,.511,0.8,1.0,.792,0.4,1.9,2.3,2.0,0.5,0.1,1.1,1.7,9.3
Christian Braun,SG,21,DEN,59,3,14.8,1.7,3.4,.502,0.4,1.1,.391,1.3,2.3,.555,.565,0.4,0.7,.605,0.7,1.6,2.3,0.8,0.4,0.2,0.4,1.2,4.3
Mikal Bridges,SF,26,TOT,64,64,36.1,6.6,14.0,.473,1.9,4.7,.402,4.7,9.3,.509,.541,3.1,3.5,.901,1.1,3.4,4.5,3.5,1.2,0.8,1.4,2.0,18.2
Mikal Bridges,SF,26,PHO,56,56,36.4,6.3,13.6,.463,1.8,4.7,.387,4.5,9.0,.503,.529,2.8,3.1,.897,1.0,3.3,4.3,3.6,1.2,0.8,1.4,2.1,17.2
Mikal Bridges,SF,26,BRK,8,8,34.0,8.6,16.3,.531,2.5,5.0,.500,6.1,11.3,.544,.608,5.5,6.0,.917,1.6,4.0,5.6,3.3,1.3,0.6,1.8,2.0,25.3
Oshae Brissett,SF,24,IND,49,1,16.0,1.7,4.5,.388,0.8,2.4,.333,0.9,2.1,.451,.477,1.2,1.8,.693,0.9,2.5,3.4,0.5,0.6,0.2,0.4,1.3,5.5
Malcolm Brogdon,PG,30,BOS,54,0,25.4,5.1,10.5,.488,2.0,4.4,.460,3.1,6.1,.508,.584,2.3,2.6,.887,0.6,3.5,4.1,3.7,0.6,0.3,1.6,1.6,14.6
Dillon Brooks,SF,27,MEM,57,57,30.3,5.4,13.9,.389,1.8,5.8,.319,3.6,8.1,.439,.456,1.8,2.2,.794,0.6,2.6,3.3,2.5,0.9,0.2,1.5,3.3,14.4
Bruce Brown,SG,26,DEN,63,28,28.5,4.4,9.1,.489,1.3,3.4,.382,3.1,5.6,.554,.561,1.0,1.4,.722,0.7,3.2,3.9,3.5,1.0,0.6,1.6,2.3,11.2
Greg Brown III,PF,21,POR,16,0,5.8,0.7,1.8,.393,0.1,0.4,.143,0.6,1.3,.476,.411,0.3,0.8,.417,0.1,1.1,1.2,0.2,0.3,0.3,0.4,0.8,1.8
Jaylen Brown,SF,26,BOS,52,52,35.9,9.9,20.3,.487,2.5,7.5,.338,7.4,12.9,.573,.549,4.2,5.4,.772,1.2,5.7,6.9,3.3,1.2,0.4,3.0,2.7,26.5
Kendall Brown,SG,19,IND,6,0,6.7,0.7,1.2,.571,0.0,0.2,.000,0.7,1.0,.667,.571,0.2,0.3,.500,0.3,0.7,1.0,0.5,0.7,0.0,0.3,1.5,1.5
Moses Brown,C,23,LAC,34,1,8.5,1.8,2.8,.635,0.0,0.0,0,1.8,2.8,.635,.635,1.0,2.1,.458,1.7,2.4,4.1,0.1,0.1,0.4,0.4,1.1,4.6
Sterling Brown,SG,27,LAL,4,0,6.0,0.0,1.0,.000,0.0,0.5,.000,0.0,0.5,.000,.000,0.0,0.0,0,0.8,1.3,2.0,0.5,0.8,0.0,0.0,1.0,0.0
Troy Brown Jr.,SF,23,LAL,58,34,24.2,2.7,6.1,.437,1.3,3.5,.366,1.4,2.6,.533,.542,0.5,0.5,.964,0.9,3.3,4.2,1.1,0.8,0.2,0.7,1.6,7.1
Jalen Brunson,PG,26,NYK,61,61,35.2,8.5,17.5,.487,1.9,4.7,.411,6.6,12.8,.515,.542,4.9,5.9,.833,0.6,3.0,3.6,6.2,0.9,0.2,2.0,2.3,23.9
Thomas Bryant,C,25,TOT,49,25,19.9,4.3,6.7,.635,0.4,1.0,.431,3.8,5.7,.673,.669,1.9,2.6,.736,1.6,4.8,6.4,0.6,0.3,0.6,0.7,1.9,10.9
Thomas Bryant,C,25,LAL,41,25,21.4,4.8,7.3,.654,0.5,1.2,.440,4.3,6.1,.697,.691,2.0,2.6,.741,1.6,5.2,6.8,0.7,0.3,0.6,0.7,1.9,12.1
Thomas Bryant,C,25,DEN,8,0,12.5,1.5,3.5,.429,0.0,0.1,.000,1.5,3.4,.444,.429,1.5,2.1,.706,1.4,3.0,4.4,0.0,0.3,0.6,0.8,1.9,4.5
Reggie Bullock,SF,31,DAL,62,39,30.5,2.4,6.0,.402,1.9,5.1,.382,0.5,0.9,.509,.563,0.4,0.6,.686,0.5,3.0,3.5,1.4,0.8,0.2,0.5,2.3,7.1
Alec Burks,SG,31,DET,50,7,22.0,3.9,9.0,.440,1.9,4.6,.416,2.0,4.3,.465,.547,3.0,3.7,.814,0.4,2.7,3.0,2.2,0.7,0.1,1.1,1.9,12.8
Deonte Burton,SG,29,SAC,2,0,3.0,0.0,1.0,.000,0.0,0.5,.000,0.0,0.5,.000,.000,0.0,0.0,0,0.0,0.0,0.0,0.0,0.0,0.0,0.0,0.0,0.0
Jared Butler,SG,22,OKC,1,0,4.0,0.0,1.0,.000,0.0,0.0,0,0.0,1.0,.000,.000,0.0,0.0,0,0.0,1.0,1.0,0.0,0.0,0.0,0.0,0.0,0.0
Jimmy Butler,SF,33,MIA,49,49,33.3,7.2,13.9,.519,0.5,1.6,.325,6.7,12.2,.545,.538,7.1,8.3,.848,2.3,3.7,5.9,5.0,2.0,0.3,1.7,1.2,22.0
John Butler,C,20,POR,9,0,3.3,0.1,0.6,.200,0.0,0.4,.000,0.1,0.1,1.000,.200,0.0,0.0,0,0.1,0.1,0.2,0.1,0.1,0.3,0.0,0.2,0.2
Jamal Cain,SF,23,MIA,14,0,13.3,1.9,3.6,.520,0.1,0.9,.167,1.7,2.7,.632,.540,0.9,1.1,.750,0.9,1.9,2.8,0.6,0.6,0.0,0.3,1.1,4.7
Kentavious Caldwell-Pope,SG,29,DEN,61,61,31.4,4.0,8.4,.480,1.9,4.3,.450,2.1,4.2,.510,.593,1.4,1.7,.833,0.5,2.4,2.8,2.4,1.4,0.4,1.2,2.0,11.4
Facundo Campazzo,PG,31,DAL,8,0,6.5,0.4,1.6,.231,0.4,1.4,.273,0.0,0.3,.000,.346,0.1,0.3,.500,0.0,0.3,0.3,1.1,0.8,0.0,0.4,0.4,1.3
Vlatko Čančar,PF,25,DEN,48,8,16.5,2.1,4.3,.498,0.9,2.1,.412,1.3,2.1,.583,.600,0.6,0.7,.938,0.5,1.9,2.4,1.5,0.4,0.3,0.7,1.6,5.8
Clint Capela,C,28,ATL,47,45,26.7,5.4,8.6,.628,0.0,0.0,.000,5.4,8.6,.630,.628,1.1,1.9,.589,4.2,7.1,11.3,0.9,0.7,1.3,0.8,2.1,12.0
Vernon Carey Jr.,C,21,WAS,11,0,2.5,0.2,0.7,.250,0.0,0.0,0,0.2,0.7,.250,.250,0.2,0.2,1.000,0.3,0.7,1.0,0.3,0.2,0.2,0.2,0.5,0.5
Jevon Carter,PG,27,MIL,62,33,22.6,2.8,6.6,.427,1.6,3.8,.411,1.3,2.8,.448,.545,0.4,0.5,.794,0.5,2.2,2.7,2.5,1.0,0.4,1.1,2.0,7.6
Wendell Carter Jr.,C,23,ORL,44,41,29.6,5.5,10.6,.517,1.2,3.6,.344,4.3,7.1,.605,.575,2.8,3.8,.743,2.3,6.5,8.8,2.5,0.4,0.6,2.2,3.0,15.0
Alex Caruso,PG,28,CHI,54,23,24.1,1.9,4.3,.437,0.9,2.3,.371,1.0,2.0,.514,.537,0.9,1.2,.810,0.6,2.6,3.1,3.2,1.6,0.6,1.3,2.5,5.5
Julian Champagnie,SF,21,PHI,2,0,3.5,0.0,1.0,.000,0.0,0.5,.000,0.0,0.5,.000,.000,0.0,0.0,0,0.0,0.0,0.0,0.0,0.5,0.0,0.0,0.0,0.0
Justin Champagnie,SF,21,TOR,3,0,3.7,1.0,1.0,1.000,0.0,0.0,0,1.0,1.0,1.000,1.000,0.0,0.0,0,0.3,1.0,1.3,0.3,0.0,0.0,0.0,0.3,2.0
Kennedy Chandler,PG,20,MEM,27,0,8.5,1.0,2.5,.397,0.1,0.5,.143,0.9,2.0,.463,.412,0.2,0.4,.455,0.3,0.9,1.2,1.7,0.4,0.2,0.6,0.5,2.3
Max Christie,SG,19,LAL,37,3,13.7,1.2,2.8,.419,0.7,1.7,.419,0.5,1.2,.419,.543,0.4,0.4,.875,0.2,1.8,2.0,0.5,0.2,0.2,0.4,0.9,3.5
Josh Christopher,SG,21,HOU,44,1,10.8,2.0,4.3,.458,0.3,1.2,.259,1.7,3.1,.537,.495,0.6,0.9,.718,0.3,0.9,1.2,1.0,0.4,0.2,0.9,0.8,4.9
Brandon Clarke,PF,26,MEM,56,8,19.5,4.1,6.2,.656,0.0,0.1,.167,4.1,6.1,.665,.658,1.8,2.4,.723,1.6,3.9,5.5,1.3,0.6,0.7,1.0,2.3,10.0
Jordan Clarkson,SG,30,UTA,60,60,32.6,7.5,16.9,.445,2.6,7.6,.341,5.0,9.4,.528,.521,3.2,4.0,.819,1.2,2.9,4.0,4.3,0.5,0.2,3.1,2.0,20.9
Nic Claxton,C,23,BRK,59,59,29.3,5.3,7.5,.706,0.0,0.0,.000,5.3,7.5,.709,.706,1.7,3.3,.516,2.4,6.6,9.0,1.7,0.8,2.5,1.3,2.7,12.3
Amir Coffey,SG,25,LAC,43,9,13.7,1.3,3.3,.383,0.2,0.9,.263,1.0,2.4,.427,.418,1.0,1.3,.789,0.4,0.8,1.2,1.2,0.2,0.1,0.4,1.2,3.8
John Collins,PF,25,ATL,53,53,30.8,5.1,10.0,.509,0.8,3.2,.251,4.3,6.8,.628,.549,2.0,2.5,.818,1.1,5.8,6.9,1.2,0.6,1.2,1.2,3.2,13.0
Zach Collins,C,25,SAS,52,15,21.7,4.0,7.7,.520,0.7,1.9,.351,3.3,5.8,.574,.563,1.6,2.2,.750,1.8,4.2,6.0,2.7,0.5,0.7,1.9,3.2,10.3
Mike Conley,PG,35,TOT,50,49,29.8,3.5,8.7,.407,1.8,5.0,.361,1.7,3.7,.468,.510,1.6,2.0,.812,0.4,2.2,2.6,7.4,1.1,0.2,1.7,2.1,10.5
Mike Conley,PG,35,UTA,43,42,29.7,3.6,8.7,.408,1.8,5.0,.362,1.8,3.8,.469,.511,1.8,2.2,.813,0.4,2.1,2.5,7.7,1.0,0.2,1.7,2.2,10.7
Mike Conley,PG,35,MIN,7,7,30.9,3.4,8.6,.400,1.9,5.1,.361,1.6,3.4,.458,.508,0.6,0.7,.800,0.6,2.6,3.1,5.4,1.3,0.1,1.3,1.6,9.3
Pat Connaughton,SG,30,MIL,44,27,25.0,2.9,7.5,.389,2.0,5.8,.348,0.9,1.7,.526,.523,0.4,0.7,.600,0.8,4.2,5.0,1.3,0.7,0.1,0.6,1.1,8.3
Robert Covington,PF,32,LAC,38,0,16.4,2.0,4.8,.415,1.0,3.0,.342,1.0,1.8,.536,.522,0.7,0.9,.735,0.7,3.0,3.6,1.2,0.7,0.8,0.6,1.9,5.7
Torrey Craig,SF,32,PHO,61,49,25.6,2.9,6.5,.451,1.3,3.2,.403,1.6,3.3,.498,.550,0.4,0.6,.730,2.1,3.7,5.7,1.5,0.7,0.6,1.0,2.4,7.6
Jae Crowder,SF,32,MIL,4,0,19.3,2.0,4.0,.500,1.5,3.0,.500,0.5,1.0,.500,.688,0.5,1.0,.500,0.5,2.5,3.0,1.5,0.8,0.0,0.5,2.5,6.0
Jarrett Culver,SG,23,ATL,10,1,13.7,1.7,4.3,.395,0.1,1.2,.083,1.6,3.1,.516,.407,0.9,1.3,.692,1.0,2.8,3.8,0.6,0.6,0.2,0.7,1.4,4.4
Cade Cunningham,PG,21,DET,12,12,33.3,7.8,18.7,.415,1.4,5.1,.279,6.3,13.6,.466,.453,3.0,3.6,.837,1.0,5.2,6.2,6.0,0.8,0.6,3.3,2.8,19.9
Seth Curry,SG,32,BRK,45,6,21.9,3.8,8.1,.466,1.7,4.3,.406,2.0,3.8,.532,.573,0.8,0.8,.972,0.3,1.5,1.8,1.9,0.7,0.2,1.0,1.8,10.1
Stephen Curry,PG,34,GSW,38,38,34.6,9.8,19.8,.495,4.9,11.4,.427,4.9,8.4,.588,.619,5.0,5.4,.922,0.6,5.8,6.3,6.4,1.0,0.4,3.2,2.2,29.4
Dyson Daniels,PG,19,NOP,42,11,19.2,1.7,3.7,.446,0.5,1.5,.328,1.2,2.3,.521,.510,0.5,0.7,.613,0.7,2.6,3.3,2.4,0.8,0.3,1.0,1.8,4.3
Anthony Davis,C,29,LAL,39,37,33.3,9.7,17.4,.560,0.4,1.5,.254,9.4,15.9,.590,.572,6.2,7.7,.813,3.3,9.1,12.4,2.4,1.1,2.1,2.2,2.7,26.1
Johnny Davis,SG,20,WAS,13,0,4.8,0.5,1.4,.333,0.1,0.3,.250,0.4,1.1,.357,.361,0.2,0.2,1.000,0.1,0.5,0.6,0.2,0.1,0.1,0.2,1.0,1.2
Terence Davis,SG,25,SAC,49,4,13.7,2.5,5.8,.435,1.4,3.8,.368,1.1,2.0,.561,.555,0.6,0.7,.886,0.4,2.0,2.4,1.2,0.7,0.2,0.9,1.8,7.0
JD Davison,PG,20,BOS,6,0,2.3,0.3,1.3,.250,0.0,0.5,.000,0.3,0.8,.400,.250,0.0,0.0,0,0.0,0.3,0.3,0.2,0.2,0.0,0.2,0.0,0.7
Darius Days,PF,23,HOU,4,0,6.3,1.3,3.0,.417,0.8,2.5,.300,0.5,0.5,1.000,.542,0.5,0.5,1.000,0.3,1.3,1.5,0.3,0.0,0.3,0.0,0.5,3.8
Dewayne Dedmon,C,33,MIA,30,0,11.7,2.1,4.3,.496,0.4,1.2,.297,1.8,3.1,.576,.539,1.1,1.5,.727,0.9,2.7,3.6,0.5,0.2,0.5,0.6,2.0,5.7
Matthew Dellavedova,PG,32,SAC,26,0,6.2,0.5,1.4,.351,0.3,0.7,.368,0.2,0.7,.333,.446,0.2,0.3,.571,0.0,0.3,0.3,1.3,0.2,0.0,0.4,0.6,1.4
DeMar DeRozan,SF,33,CHI,58,58,36.1,9.1,17.8,.512,0.5,1.5,.315,8.6,16.3,.530,.525,6.4,7.3,.871,0.4,4.0,4.5,5.1,1.0,0.5,2.2,2.7,25.1
Moussa Diabaté,PF,21,LAC,18,1,9.6,1.2,2.2,.525,0.1,0.1,.500,1.1,2.1,.526,.538,0.6,0.9,.625,1.6,0.9,2.5,0.2,0.3,0.3,0.5,0.7,2.9
Mamadi Diakite,PF,26,CLE,16,2,6.1,0.7,1.6,.423,0.3,0.9,.267,0.4,0.7,.636,.500,0.0,0.0,0,0.2,0.6,0.8,0.1,0.1,0.4,0.4,0.8,1.6
Hamidou Diallo,SG,24,DET,54,0,17.4,3.8,6.5,.580,0.1,0.4,.238,3.7,6.1,.601,.587,1.6,2.6,.606,0.9,2.4,3.3,0.9,0.9,0.3,1.2,2.2,9.2
Gorgui Dieng,C,33,SAS,21,1,9.6,1.1,3.0,.387,0.6,2.0,.279,0.6,0.9,.632,.484,0.2,0.3,.833,0.9,1.8,2.6,1.4,0.1,0.3,0.8,1.4,3.1
Ousmane Dieng,SF,19,OKC,20,0,15.3,1.8,4.3,.424,0.7,2.4,.271,1.2,1.9,.622,.500,0.2,0.4,.429,0.5,2.2,2.7,1.4,0.3,0.3,0.7,1.2,4.4
Spencer Dinwiddie,PG,29,TOT,62,62,34.1,5.8,13.0,.447,2.5,6.4,.391,3.4,6.7,.501,.543,3.4,4.1,.826,0.4,2.8,3.2,5.5,0.8,0.3,1.8,2.3,17.5
Spencer Dinwiddie,PG,29,DAL,53,53,34.1,6.0,13.1,.455,2.6,6.4,.405,3.4,6.7,.504,.555,3.2,3.9,.821,0.4,2.7,3.1,5.3,0.7,0.3,1.7,2.3,17.7
Spencer Dinwiddie,PG,29,BRK,9,9,33.8,5.1,12.8,.400,1.8,5.9,.302,3.3,6.9,.484,.470,4.3,5.1,.848,0.3,3.4,3.8,6.7,1.3,0.1,2.4,2.3,16.3
Donte DiVincenzo,SG,26,GSW,54,19,26.0,3.2,7.4,.437,2.1,5.1,.417,1.1,2.2,.483,.583,0.7,0.8,.818,1.0,3.3,4.4,3.3,1.4,0.1,1.5,1.8,9.3
Luka Dončić,PG,23,DAL,54,54,36.5,11.2,22.2,.507,2.8,7.9,.355,8.4,14.2,.592,.571,8.1,11.0,.732,0.9,7.8,8.7,8.1,1.5,0.5,3.6,2.6,33.4
Tyler Dorsey,SG,26,DAL,3,0,2.7,1.3,1.7,.800,0.3,0.7,.500,1.0,1.0,1.000,.900,0.0,0.0,0,0.3,0.3,0.7,0.0,0.0,0.0,0.0,0.0,3.0
Luguentz Dort,SG,23,OKC,56,55,30.2,4.9,12.0,.406,1.9,5.4,.348,3.0,6.5,.455,.485,2.6,3.4,.755,1.5,2.8,4.3,2.2,1.0,0.3,1.3,3.2,14.2
Ayo Dosunmu,SG,23,CHI,62,49,27.7,3.8,7.6,.498,0.8,2.5,.316,3.0,5.1,.587,.550,0.9,1.1,.809,0.7,2.4,3.1,2.8,0.7,0.3,1.4,2.5,9.2
Devon Dotson,PG,23,WAS,6,0,8.8,0.2,1.7,.100,0.2,0.7,.250,0.0,1.0,.000,.150,0.0,0.0,0,1.0,0.7,1.7,1.3,0.8,0.0,0.5,1.5,0.5
Jeff Dowtin,PG,25,TOR,18,0,8.8,1.1,2.4,.442,0.2,0.6,.273,0.9,1.8,.500,.477,0.2,0.2,.750,0.3,0.6,0.9,0.9,0.2,0.1,0.3,0.6,2.4
PJ Dozier,SG,26,SAC,6,0,1.8,0.3,0.7,.500,0.2,0.5,.333,0.2,0.2,1.000,.625,0.0,0.0,0,0.0,0.3,0.3,0.0,0.5,0.0,0.0,0.0,0.8
Goran Dragić,PG,36,CHI,51,0,15.4,2.5,5.9,.425,0.9,2.5,.352,1.6,3.4,.480,.500,0.5,0.8,.659,0.3,1.1,1.4,2.7,0.2,0.1,1.1,1.2,6.4
Andre Drummond,C,29,CHI,51,0,13.1,2.6,4.3,.611,0.0,0.0,.000,2.6,4.3,.616,.611,1.0,1.9,.531,2.2,4.6,6.8,0.6,0.7,0.3,1.2,1.9,6.3
Chris Duarte,SF,25,IND,40,10,19.1,2.7,7.2,.372,1.1,3.7,.304,1.6,3.5,.443,.450,1.4,1.7,.836,0.4,2.2,2.6,1.4,0.5,0.2,0.9,1.5,7.9
David Duke Jr.,SG,23,BRK,17,0,8.6,1.3,2.9,.440,0.0,0.4,.000,1.3,2.6,.500,.440,0.3,0.5,.556,0.4,0.5,0.9,0.8,0.4,0.1,0.8,1.5,2.9
Kris Dunn,PG,28,UTA,4,0,22.3,5.3,10.0,.525,0.8,2.5,.300,4.5,7.5,.600,.563,0.8,1.3,.600,1.0,2.8,3.8,4.5,2.0,0.5,1.0,2.3,12.0
Kevin Durant,PF-SF,34,TOT,41,41,35.6,10.4,18.5,.563,1.8,4.8,.381,8.6,13.7,.626,.612,6.6,7.1,.932,0.4,6.4,6.8,5.2,0.8,1.5,3.4,2.3,29.3
Kevin Durant,PF,34,BRK,39,39,36.0,10.5,18.8,.559,1.8,4.8,.376,8.7,14.0,.622,.607,6.8,7.3,.934,0.4,6.4,6.7,5.3,0.8,1.5,3.5,2.4,29.7
Kevin Durant,SF,34,PHO,2,2,29.0,8.5,12.5,.680,2.0,4.0,.500,6.5,8.5,.765,.760,2.5,3.0,.833,0.5,7.0,7.5,4.0,0.5,1.5,2.0,1.0,21.5
Jalen Duren,C,19,DET,52,27,25.1,3.6,5.6,.645,0.0,0.0,.000,3.6,5.6,.647,.645,1.3,2.2,.611,3.3,5.4,8.7,1.1,0.6,0.9,1.2,2.7,8.5
Tari Eason,PF,21,HOU,62,3,19.9,3.4,7.7,.446,0.7,2.0,.350,2.7,5.7,.479,.491,1.3,1.7,.757,2.3,3.4,5.7,1.0,1.1,0.6,1.1,2.2,8.9
Anthony Edwards,SG,21,MIN,65,65,36.3,8.9,19.4,.458,2.7,7.3,.368,6.2,12.1,.511,.527,4.1,5.3,.777,0.6,5.3,5.9,4.5,1.7,0.7,3.4,2.5,24.6
Kessler Edwards,SF,22,TOT,16,1,5.8,0.4,1.8,.214,0.1,0.9,.143,0.3,0.9,.286,.250,0.1,0.1,.500,0.4,0.6,1.0,0.3,0.2,0.1,0.3,0.2,0.9
Kessler Edwards,SF,22,BRK,14,1,5.6,0.4,1.7,.250,0.1,0.9,.167,0.3,0.9,.333,.292,0.1,0.1,.500,0.4,0.6,1.0,0.1,0.2,0.1,0.3,0.2,1.1
Kessler Edwards,SF,22,SAC,2,0,7.0,0.0,2.0,.000,0.0,1.0,.000,0.0,1.0,.000,.000,0.0,0.0,0,0.5,0.5,1.0,1.0,0.0,0.0,0.0,0.0,0.0
Keon Ellis,SG,23,SAC,9,0,4.0,0.7,1.1,.600,0.6,0.9,.625,0.1,0.2,.500,.850,0.2,0.3,.667,0.3,0.4,0.8,0.3,0.2,0.1,0.1,0.7,2.1
Joel Embiid,C,28,PHI,49,49,35.1,11.0,20.6,.534,1.0,3.0,.336,10.0,17.5,.568,.559,10.1,11.8,.856,1.8,8.5,10.4,4.0,1.1,1.6,3.5,3.2,33.0
Drew Eubanks,C,25,POR,61,18,19.7,2.5,3.7,.679,0.0,0.1,.429,2.4,3.6,.687,.685,0.9,1.4,.655,1.6,3.4,5.1,1.2,0.5,1.2,0.8,2.2,6.0
Bruno Fernando,C,24,TOT,33,4,11.2,1.5,2.9,.521,0.0,0.0,.000,1.5,2.9,.526,.521,0.9,1.3,.682,1.5,2.3,3.8,0.9,0.2,0.9,0.7,2.1,3.9
Bruno Fernando,C,24,HOU,31,4,11.7,1.5,3.0,.516,0.0,0.0,.000,1.5,3.0,.522,.516,1.0,1.4,.682,1.5,2.4,3.9,1.0,0.2,1.0,0.6,2.2,4.1
Bruno Fernando,C,24,ATL,2,0,3.0,1.0,1.5,.667,0.0,0.0,0,1.0,1.5,.667,.667,0.0,0.0,0,0.5,0.5,1.0,0.5,0.0,0.0,1.0,0.5,2.0
Dorian Finney-Smith,PF,29,TOT,49,49,31.6,3.1,7.8,.405,1.8,5.3,.340,1.3,2.4,.551,.522,0.7,0.9,.739,1.6,3.3,4.9,1.5,0.8,0.5,0.9,2.1,8.8
Dorian Finney-Smith,PF,29,DAL,40,40,32.2,3.2,7.8,.416,1.9,5.4,.355,1.3,2.3,.559,.540,0.8,1.0,.750,1.7,3.0,4.7,1.5,1.0,0.5,0.9,2.0,9.1
Dorian Finney-Smith,PF,29,BRK,9,9,29.1,2.8,7.8,.357,1.3,5.0,.267,1.4,2.8,.520,.443,0.4,0.7,.667,1.4,4.4,5.9,1.7,0.3,0.3,1.0,2.7,7.3
Malachi Flynn,PG,24,TOR,43,1,13.7,1.7,4.7,.370,1.0,2.6,.378,0.7,2.1,.360,.475,0.4,0.6,.708,0.3,1.2,1.5,1.5,0.4,0.1,0.4,1.3,4.8
Simone Fontecchio,SF,27,UTA,35,0,10.6,1.3,4.0,.338,0.8,2.7,.312,0.5,1.3,.391,.442,0.5,0.7,.731,0.5,0.7,1.1,0.6,0.2,0.2,0.6,0.9,4.1
Bryn Forbes,SG,29,MIN,25,0,10.7,1.2,3.3,.361,0.6,1.8,.304,0.6,1.5,.432,.446,0.6,0.6,1.000,0.2,0.4,0.6,0.7,0.3,0.1,0.5,0.9,3.6
Trent Forrest,PG,24,ATL,18,3,13.3,1.3,2.8,.480,0.0,0.1,.000,1.3,2.7,.500,.480,0.1,0.2,.667,0.3,1.3,1.6,1.7,0.3,0.1,0.6,0.9,2.8
Michael Foster Jr.,PF,20,PHI,1,0,1.0,0.0,0.0,0,0.0,0.0,0,0.0,0.0,0,0,0.0,0.0,0,0.0,0.0,0.0,0.0,0.0,0.0,0.0,0.0,0.0
Evan Fournier,SG,30,NYK,23,7,18.0,2.3,6.6,.351,1.4,4.4,.324,0.9,2.1,.408,.460,0.8,0.9,.857,0.2,1.8,2.0,1.5,0.6,0.1,0.8,1.9,6.8
De'Aaron Fox,PG,25,SAC,56,56,34.1,9.5,18.4,.516,1.6,4.8,.328,7.9,13.6,.582,.559,5.0,6.3,.791,0.5,3.8,4.3,6.3,1.1,0.3,2.7,2.5,25.5
Markelle Fultz,PG,24,ORL,43,43,29.4,5.5,10.9,.504,0.4,1.3,.316,5.1,9.6,.530,.524,1.9,2.4,.777,1.2,2.9,4.1,5.4,1.5,0.4,2.4,2.1,13.3
Wenyen Gabriel,PF,25,LAL,50,2,15.0,2.5,4.1,.612,0.2,0.6,.300,2.3,3.5,.665,.633,0.8,1.3,.619,1.6,2.3,3.9,0.4,0.3,0.5,0.7,2.1,6.0
Daniel Gafford,C,24,WAS,60,29,19.3,3.5,4.7,.751,0.0,0.0,0,3.5,4.7,.751,.751,1.6,2.5,.644,2.0,3.4,5.4,1.0,0.4,1.3,1.0,2.3,8.6
Darius Garland,PG,23,CLE,55,55,35.2,7.6,16.2,.470,2.6,6.1,.424,5.0,10.1,.498,.551,4.2,4.9,.858,0.4,2.2,2.7,7.9,1.3,0.1,2.9,2.1,22.0
Usman Garuba,PF,20,HOU,55,1,13.5,1.3,2.4,.523,0.3,0.6,.500,0.9,1.8,.531,.587,0.4,0.7,.575,1.7,2.8,4.5,0.9,0.7,0.5,0.7,1.7,3.2
Luka Garza,C,24,MIN,23,0,9.1,2.3,4.4,.529,0.6,1.6,.361,1.8,2.9,.621,.593,1.7,2.1,.792,1.3,1.2,2.4,0.6,0.1,0.0,0.4,1.5,6.9
Rudy Gay,PF,36,UTA,48,0,14.5,1.8,4.9,.373,0.5,2.1,.233,1.3,2.8,.481,.424,0.8,0.9,.878,0.6,2.4,3.0,1.0,0.4,0.3,0.6,1.2,4.9
Paul George,SG,32,LAC,49,49,34.2,8.0,17.5,.458,2.9,7.7,.375,5.1,9.8,.523,.540,4.5,5.1,.876,0.7,5.4,6.1,5.2,1.4,0.3,3.2,2.8,23.3
Taj Gibson,C,37,WAS,39,2,10.1,1.4,2.6,.534,0.1,0.5,.211,1.3,2.2,.607,.553,0.6,0.9,.667,0.7,1.4,2.1,0.7,0.3,0.3,0.5,1.8,3.5
Josh Giddey,SG,20,OKC,58,58,30.7,7.0,14.5,.485,0.9,2.9,.302,6.1,11.6,.531,.515,1.3,1.7,.745,2.0,5.7,7.7,6.0,0.7,0.5,2.9,2.1,16.2
Shai Gilgeous-Alexander,PG,24,OKC,54,54,35.5,10.2,20.2,.507,0.9,2.6,.338,9.4,17.6,.532,.528,9.6,10.6,.908,0.9,3.9,4.7,5.7,1.6,1.1,2.9,2.7,31.0
Anthony Gill,PF,30,WAS,42,4,10.0,1.2,2.0,.607,0.1,0.5,.158,1.1,1.5,.738,.625,0.6,0.8,.771,0.5,0.8,1.4,0.5,0.1,0.2,0.2,1.2,3.1
Rudy Gobert,C,30,MIN,53,53,30.4,5.2,7.7,.677,0.0,0.1,.000,5.2,7.7,.682,.677,3.2,4.8,.660,3.2,8.4,11.5,0.9,0.8,1.4,1.8,3.0,13.6
Jordan Goodwin,PG,24,WAS,43,4,18.0,2.3,5.2,.455,0.6,1.6,.386,1.7,3.5,.487,.516,0.8,1.1,.761,0.9,2.3,3.3,2.5,1.0,0.5,0.9,1.7,6.1
Aaron Gordon,PF,27,DEN,52,52,30.0,6.5,11.1,.583,1.0,2.6,.376,5.5,8.5,.646,.627,3.0,4.8,.627,2.4,4.4,6.8,2.9,0.8,0.8,1.6,1.9,16.9
Eric Gordon,SG,34,TOT,54,49,29.3,4.3,9.8,.435,1.8,5.1,.347,2.5,4.8,.529,.524,2.3,2.8,.815,0.2,1.8,2.0,2.8,0.6,0.4,1.6,1.0,12.6
Eric Gordon,SG,34,HOU,47,47,30.2,4.5,10.2,.439,1.8,5.2,.347,2.7,5.0,.536,.528,2.3,2.9,.815,0.3,1.8,2.1,2.9,0.6,0.4,1.8,1.0,13.1
Eric Gordon,SG,34,LAC,7,2,23.4,3.0,7.6,.396,1.4,4.1,.345,1.6,3.4,.458,.491,1.9,2.3,.813,0.1,1.6,1.7,2.4,0.7,0.6,0.6,1.6,9.3
Devonte' Graham,PG,27,TOT,61,2,17.0,1.9,5.3,.366,1.5,4.2,.348,0.5,1.1,.439,.505,1.1,1.4,.761,0.3,1.3,1.5,2.5,0.6,0.2,0.6,1.0,6.4
Devonte' Graham,PG,27,NOP,53,0,15.3,1.6,4.4,.368,1.2,3.6,.347,0.4,0.8,.463,.511,0.8,1.1,.746,0.2,1.1,1.4,2.2,0.6,0.2,0.5,0.9,5.3
Devonte' Graham,PG,27,SAS,8,2,28.1,4.1,11.4,.363,2.9,8.3,.348,1.3,3.1,.400,.489,2.9,3.6,.793,0.6,2.1,2.8,4.4,0.8,0.5,1.0,1.4,14.0
Jerami Grant,PF,28,POR,58,58,35.7,7.0,14.6,.478,2.3,5.7,.399,4.7,9.0,.527,.555,4.5,5.5,.812,0.8,3.5,4.4,2.3,0.8,0.8,1.8,2.4,20.7
A.J. Green,SG,23,MIL,29,0,9.8,1.7,3.7,.453,1.3,3.1,.438,0.3,0.6,.529,.637,0.1,0.1,1.000,0.2,1.0,1.1,0.7,0.2,0.0,0.3,1.0,4.8
Danny Green,SG,35,TOT,6,0,11.8,1.0,3.2,.316,1.0,2.5,.400,0.0,0.7,.000,.474,0.2,0.2,1.000,0.2,0.7,0.8,0.3,0.3,0.2,0.8,1.5,3.2
Danny Green,SG,35,MEM,3,0,14.3,1.0,3.7,.273,1.0,2.7,.375,0.0,1.0,.000,.409,0.0,0.0,0,0.3,1.0,1.3,0.7,0.3,0.0,1.0,2.0,3.0
Danny Green,SG,35,CLE,3,0,9.3,1.0,2.7,.375,1.0,2.3,.429,0.0,0.3,.000,.563,0.3,0.3,1.000,0.0,0.3,0.3,0.0,0.3,0.3,0.7,1.0,3.3
Draymond Green,PF,32,GSW,56,56,31.3,3.3,6.2,.524,0.6,1.8,.327,2.7,4.4,.606,.572,1.1,1.5,.698,0.8,6.6,7.4,6.8,0.9,0.8,2.6,3.1,8.2
Jalen Green,SG,20,HOU,56,56,33.6,7.3,17.7,.410,2.6,7.6,.338,4.7,10.1,.464,.482,4.6,5.8,.787,0.5,3.4,3.9,3.6,0.8,0.3,2.8,1.6,21.7
JaMychal Green,PF,32,GSW,44,1,14.2,2.4,4.5,.523,0.7,1.9,.353,1.7,2.6,.649,.598,0.9,1.2,.717,1.3,2.5,3.8,0.9,0.5,0.4,1.1,1.9,6.3
Javonte Green,SG,29,CHI,28,1,16.0,2.2,3.7,.587,0.5,1.2,.382,1.7,2.5,.686,.649,1.0,1.5,.674,0.9,2.0,2.9,0.8,0.8,0.7,0.7,1.7,5.9
Jeff Green,PF,36,DEN,40,3,19.6,3.0,6.2,.490,0.4,1.8,.243,2.6,4.4,.588,.524,1.5,2.1,.714,0.7,1.9,2.6,1.2,0.4,0.4,0.9,1.9,8.0
Josh Green,SG,22,DAL,44,11,24.8,3.3,6.0,.549,1.2,2.8,.423,2.1,3.2,.660,.648,1.4,1.9,.714,0.9,1.9,2.8,1.6,0.8,0.1,1.1,2.6,9.1
AJ Griffin,SF,19,ATL,59,11,19.8,3.5,7.5,.472,1.4,3.7,.384,2.1,3.8,.556,.566,0.5,0.5,.875,0.4,1.6,2.0,1.0,0.7,0.1,0.6,1.2,8.9
Blake Griffin,C,33,BOS,27,12,14.1,1.7,3.5,.500,0.7,1.8,.388,1.0,1.7,.622,.601,0.6,0.9,.625,0.9,2.4,3.3,1.3,0.3,0.2,0.5,1.9,4.7
Quentin Grimes,SG,22,NYK,54,49,29.5,3.5,7.9,.447,1.9,5.2,.358,1.7,2.7,.621,.566,1.0,1.3,.800,0.7,2.5,3.3,1.9,0.6,0.4,1.0,2.5,10.0
Rui Hachimura,PF,24,TOT,46,8,24.4,4.7,9.9,.475,0.9,2.7,.323,3.8,7.2,.532,.519,1.6,2.2,.733,0.9,3.8,4.7,1.0,0.3,0.4,1.0,1.1,11.9
Rui Hachimura,PF,24,WAS,30,0,24.3,5.3,10.8,.488,1.0,3.0,.337,4.3,7.8,.545,.534,1.5,1.9,.759,0.6,3.6,4.3,1.2,0.4,0.4,1.2,1.3,13.0
Rui Hachimura,PF,24,LAL,16,8,24.6,3.7,8.3,.444,0.6,2.2,.286,3.1,6.1,.500,.481,1.9,2.7,.698,1.4,4.0,5.4,0.8,0.3,0.4,0.5,0.8,9.9
Tyrese Haliburton,PG,22,IND,51,51,33.6,7.2,14.9,.482,2.8,7.1,.398,4.3,7.7,.559,.578,2.9,3.4,.860,0.6,3.1,3.7,10.1,1.7,0.5,2.5,1.2,20.1
Jordan Hall,SF,21,SAS,9,0,9.2,1.0,3.1,.321,0.3,1.7,.200,0.7,1.4,.462,.375,0.8,1.0,.778,0.3,1.0,1.3,1.2,0.1,0.0,0.8,0.7,3.1
R.J. Hampton,PG,21,TOT,29,0,13.7,1.8,4.2,.421,0.6,1.9,.321,1.1,2.2,.508,.496,1.1,1.3,.838,0.3,1.2,1.5,1.2,0.6,0.2,0.8,0.8,5.2
R.J. Hampton,PG,21,ORL,26,0,13.9,1.9,4.4,.439,0.7,2.0,.340,1.2,2.3,.525,.518,1.2,1.4,.838,0.3,1.2,1.5,1.3,0.6,0.2,0.8,0.8,5.7
R.J. Hampton,PG,21,DET,3,0,11.7,0.3,2.3,.143,0.0,1.0,.000,0.3,1.3,.250,.143,0.0,0.0,0,0.0,1.7,1.7,0.3,0.7,0.3,0.3,0.3,0.7
Tim Hardaway Jr.,SG,30,DAL,58,37,30.0,4.6,12.1,.383,2.9,7.8,.366,1.8,4.2,.416,.502,1.8,2.3,.763,0.3,3.3,3.6,1.7,0.7,0.1,0.8,1.6,13.9
James Harden,PG,33,PHI,46,46,36.7,6.6,14.5,.453,2.9,7.3,.401,3.6,7.2,.506,.554,5.7,6.5,.870,0.6,5.6,6.2,10.6,1.2,0.6,3.5,2.0,21.7
Jaden Hardy,SG,20,DAL,32,0,11.6,2.2,5.1,.423,0.8,2.3,.342,1.4,2.8,.489,.500,1.3,1.5,.875,0.1,1.3,1.3,0.8,0.3,0.1,0.8,1.3,6.4
Ron Harper Jr.,SF,22,TOR,4,0,3.5,1.0,1.8,.571,0.5,1.0,.500,0.5,0.8,.667,.714,0.0,0.0,0,0.3,0.3,0.5,0.0,0.0,0.0,0.0,0.0,2.5
Montrezl Harrell,C,29,PHI,51,7,12.3,2.2,3.6,.602,0.0,0.0,.000,2.2,3.6,.609,.602,1.2,1.7,.694,1.2,1.6,2.7,0.6,0.3,0.5,0.6,1.5,5.5
Gary Harris,SG,28,ORL,35,29,24.8,2.9,6.3,.468,1.8,4.2,.435,1.1,2.1,.534,.614,0.7,0.8,.893,0.5,1.7,2.2,1.2,0.9,0.1,0.6,2.0,8.4
Joe Harris,SG,31,BRK,56,32,22.7,2.9,6.4,.458,1.9,4.6,.420,1.0,1.8,.554,.609,0.3,0.4,.625,0.3,2.1,2.4,1.5,0.5,0.2,0.6,2.3,8.1
Kevon Harris,SG,25,ORL,27,0,12.4,1.2,2.9,.416,0.4,1.0,.393,0.8,1.8,.429,.487,0.8,1.0,.815,0.9,1.1,2.0,0.4,0.5,0.1,0.6,1.3,3.6
Tobias Harris,PF,30,PHI,58,58,33.7,6.0,12.0,.501,1.8,4.6,.383,4.3,7.4,.576,.575,1.4,1.6,.860,0.9,4.9,5.8,2.6,1.0,0.5,1.3,2.0,15.2
Josh Hart,SF-SG,27,TOT,59,51,32.5,3.7,7.1,.519,0.8,2.2,.348,2.9,4.8,.598,.574,1.7,2.3,.723,1.8,6.0,7.8,3.8,1.1,0.2,1.5,2.6,9.8
Josh Hart,SF,27,POR,51,51,33.4,3.6,7.1,.504,0.7,2.2,.304,2.9,4.9,.594,.551,1.7,2.3,.731,1.9,6.3,8.2,3.9,1.1,0.2,1.5,2.6,9.5
Josh Hart,SG,27,NYK,8,0,27.0,4.3,6.9,.618,1.5,2.5,.600,2.8,4.4,.629,.727,1.5,2.3,.667,1.3,4.1,5.4,3.4,1.4,0.6,1.4,2.8,11.5
Isaiah Hartenstein,C,24,NYK,65,7,19.6,2.2,4.1,.524,0.1,0.5,.235,2.0,3.6,.566,.539,0.6,0.9,.750,2.8,3.8,6.6,0.9,0.6,0.8,0.8,2.5,5.1
Udonis Haslem,C,42,MIA,6,1,7.7,0.2,2.0,.083,0.0,0.3,.000,0.2,1.7,.100,.083,0.2,0.3,.500,0.7,0.7,1.3,0.0,0.2,0.2,0.0,1.3,0.5
Sam Hauser,PF,25,BOS,62,4,15.5,2.2,4.8,.458,1.7,4.0,.419,0.5,0.8,.653,.632,0.2,0.2,.667,0.4,2.1,2.5,0.7,0.3,0.3,0.3,1.3,6.2
Jaxson Hayes,C,22,NOP,37,2,13.6,1.9,3.4,.552,0.1,0.7,.111,1.8,2.6,.673,.564,1.3,1.9,.690,0.9,2.1,2.9,0.8,0.5,0.4,0.6,1.4,5.1
Killian Hayes,PG,21,DET,59,40,27.0,3.8,10.2,.372,1.2,3.8,.300,2.6,6.3,.416,.428,0.8,1.0,.817,0.3,2.4,2.7,5.9,1.4,0.4,2.0,3.0,9.5
Gordon Hayward,SF,32,CHO,39,39,31.4,5.5,11.6,.471,1.1,3.3,.328,4.4,8.4,.528,.518,2.6,3.2,.810,0.7,3.6,4.3,3.8,0.9,0.2,2.0,1.5,14.7
Juancho Hernangómez,PF,27,TOR,42,10,14.6,1.1,2.7,.421,0.4,1.6,.254,0.7,1.1,.660,.496,0.2,0.4,.563,0.6,2.3,2.9,0.6,0.4,0.1,0.4,1.0,2.9
Willy Hernangómez,C,28,NOP,32,2,13.1,2.5,4.8,.519,0.1,0.3,.200,2.4,4.5,.542,.526,2.4,3.1,.788,1.8,3.4,5.2,0.9,0.4,0.4,1.1,1.8,7.5
Tyler Herro,SG,23,MIA,50,50,35.4,7.4,17.1,.433,3.0,8.1,.373,4.4,9.0,.487,.522,2.6,2.8,.922,0.5,5.2,5.6,4.4,0.8,0.3,2.4,1.7,20.4
Buddy Hield,SF,30,IND,64,64,32.0,6.2,13.5,.458,3.8,8.8,.427,2.4,4.7,.515,.597,1.4,1.6,.854,0.8,4.1,4.9,2.7,1.2,0.3,1.8,2.0,17.4
Haywood Highsmith,SF,26,MIA,45,9,19.0,1.8,4.2,.426,0.8,2.2,.356,1.0,2.0,.506,.521,0.2,0.5,.458,1.0,2.6,3.6,0.7,0.7,0.3,0.8,1.6,4.6
George Hill,PG,36,TOT,37,1,18.7,1.7,3.7,.456,0.6,2.1,.316,1.0,1.6,.633,.544,0.9,1.2,.739,0.4,1.5,1.8,2.4,0.6,0.1,0.7,1.2,4.9
George Hill,PG,36,MIL,35,0,19.1,1.7,3.8,.447,0.7,2.1,.311,1.0,1.7,.621,.534,1.0,1.3,.739,0.4,1.5,1.9,2.5,0.5,0.1,0.8,1.2,5.0
George Hill,PG,36,IND,2,1,12.5,1.5,2.0,.750,0.5,1.0,.500,1.0,1.0,1.000,.875,0.0,0.0,0,0.0,0.5,0.5,0.0,1.0,0.5,0.0,1.0,3.5
Malcolm Hill,SF,27,CHI,5,0,1.8,0.4,0.8,.500,0.2,0.6,.333,0.2,0.2,1.000,.625,0.0,0.0,0,0.0,0.6,0.6,0.0,0.0,0.0,0.0,0.2,1.0
Aaron Holiday,PG,26,ATL,52,5,14.0,1.5,3.6,.418,0.6,1.4,.413,0.9,2.2,.421,.500,0.5,0.5,.857,0.4,0.9,1.3,1.3,0.5,0.2,0.6,1.3,4.1
Jrue Holiday,PG,32,MIL,51,49,32.8,7.5,15.9,.472,2.4,6.4,.377,5.1,9.6,.536,.547,2.3,2.7,.861,1.2,4.0,5.1,7.2,1.2,0.4,2.9,1.8,19.8
Justin Holiday,SG,33,TOT,32,2,15.2,1.7,4.4,.387,1.2,3.2,.363,0.6,1.3,.450,.518,0.0,0.1,.000,0.1,0.8,0.9,0.9,0.3,0.4,0.4,1.4,4.6
Justin Holiday,SG,33,ATL,28,0,14.7,1.7,4.5,.384,1.1,3.1,.345,0.6,1.4,.474,.504,0.0,0.0,0,0.1,0.8,0.8,0.9,0.2,0.4,0.4,1.3,4.5
Justin Holiday,SG,33,DAL,4,2,19.0,1.8,4.3,.412,1.8,3.8,.467,0.0,0.5,.000,.618,0.0,0.5,.000,0.3,1.3,1.5,0.8,1.0,0.8,0.5,2.0,5.3
Richaun Holmes,C,29,SAC,35,1,8.7,1.3,2.0,.681,0.1,0.1,.750,1.3,1.9,.677,.703,0.4,0.5,.824,0.7,1.3,2.0,0.1,0.1,0.3,0.4,1.3,3.2
Al Horford,C,36,BOS,50,50,30.8,3.6,7.4,.481,2.2,4.9,.445,1.4,2.5,.551,.628,0.3,0.4,.737,1.2,5.0,6.2,2.7,0.5,0.9,0.6,1.9,9.6
Talen Horton-Tucker,SG,22,UTA,50,5,17.4,2.9,7.2,.408,0.7,2.6,.273,2.2,4.5,.487,.458,1.3,1.8,.753,0.4,2.2,2.7,3.0,0.6,0.5,1.6,1.5,7.9
Danuel House Jr.,SF,29,PHI,39,2,14.5,1.5,3.2,.456,0.6,1.9,.320,0.8,1.3,.660,.552,0.8,1.1,.714,0.2,1.5,1.7,0.7,0.2,0.2,0.4,1.2,4.3
Caleb Houstan,SF,20,ORL,36,2,15.6,1.4,3.5,.405,0.9,2.5,.382,0.5,1.0,.459,.540,0.3,0.4,.846,0.7,1.5,2.1,0.5,0.2,0.1,0.3,1.4,4.1
Trevor Hudgins,PG,23,HOU,5,0,5.6,0.4,1.8,.222,0.4,1.6,.250,0.0,0.2,.000,.333,0.6,0.6,1.000,0.0,0.0,0.0,0.6,0.0,0.0,0.2,0.2,1.8
Kevin Huerter,SG,24,SAC,59,59,30.0,5.4,11.3,.481,2.6,6.6,.390,2.8,4.6,.612,.596,1.3,1.8,.713,0.6,2.7,3.3,2.9,1.1,0.3,1.5,2.5,14.7
De'Andre Hunter,SF,25,ATL,53,53,31.8,5.6,12.2,.462,1.6,4.3,.370,4.0,7.8,.513,.528,2.8,3.4,.826,0.6,3.7,4.3,1.4,0.5,0.2,1.2,3.0,15.6
Bones Hyland,PG,22,TOT,47,1,19.0,3.9,10.0,.391,2.0,5.5,.371,1.9,4.5,.415,.493,1.7,2.0,.859,0.3,1.9,2.2,2.8,0.7,0.3,1.5,1.7,11.6
Bones Hyland,PG,22,DEN,42,1,19.5,4.1,10.3,.399,2.2,5.7,.378,2.0,4.6,.425,.503,1.7,2.0,.866,0.2,1.8,2.0,3.0,0.7,0.3,1.6,1.6,12.1
Bones Hyland,PG,22,LAC,5,0,14.2,2.2,7.4,.297,1.0,3.6,.278,1.2,3.8,.316,.365,1.6,2.0,.800,1.2,2.4,3.6,1.6,0.6,0.0,0.6,3.2,7.0
Serge Ibaka,C,33,MIL,16,0,11.6,1.6,3.4,.481,0.4,1.1,.333,1.3,2.3,.556,.537,0.5,0.8,.615,0.9,1.8,2.8,0.3,0.1,0.4,0.7,1.4,4.1
Andre Iguodala,SF,39,GSW,3,0,14.0,1.0,1.3,.750,0.3,0.7,.500,0.7,0.7,1.000,.875,0.0,0.0,0,0.3,2.0,2.3,1.7,0.3,0.3,1.7,1.7,2.3
Joe Ingles,SF,35,MIL,29,0,22.4,2.2,5.6,.398,1.6,4.4,.354,0.7,1.2,.559,.537,0.4,0.5,.800,0.3,2.6,2.9,3.0,0.6,0.2,1.1,1.8,6.4
Brandon Ingram,SF,25,NOP,29,29,33.0,8.4,18.2,.465,1.6,4.1,.390,6.9,14.1,.487,.509,4.8,5.5,.869,0.4,4.7,5.1,4.7,0.7,0.4,3.2,2.7,23.3
Kyrie Irving,PG,30,TOT,48,48,37.0,9.9,20.2,.491,3.3,8.5,.381,6.7,11.7,.571,.572,3.9,4.4,.887,1.0,4.1,5.1,5.5,1.1,0.8,2.2,2.8,27.0
Kyrie Irving,PG,30,BRK,40,40,37.0,10.0,20.5,.486,3.3,8.7,.374,6.7,11.8,.569,.565,4.0,4.5,.883,1.0,4.2,5.1,5.3,1.0,0.8,2.3,2.7,27.1
Kyrie Irving,PG,30,DAL,8,8,37.5,9.8,18.8,.520,3.3,7.6,.426,6.5,11.1,.584,.607,3.9,4.3,.912,1.4,3.6,5.0,6.8,1.3,0.5,2.0,3.3,26.6
Jonathan Isaac,PF,25,ORL,11,0,11.3,2.0,4.8,.415,0.5,1.4,.400,1.5,3.5,.421,.472,0.5,0.8,.556,1.4,2.6,4.0,0.5,1.3,0.4,0.4,0.5,5.0
Jaden Ivey,SG,20,DET,58,57,30.1,5.2,12.3,.422,1.4,4.2,.339,3.8,8.1,.465,.480,3.5,4.9,.723,1.0,2.9,3.9,4.6,0.9,0.3,2.9,3.1,15.4
Frank Jackson,PG,24,UTA,1,0,5.0,0.0,3.0,.000,0.0,1.0,.000,0.0,2.0,.000,.000,0.0,0.0,0,1.0,1.0,2.0,1.0,0.0,0.0,0.0,0.0,0.0
Isaiah Jackson,C,21,IND,46,5,15.3,2.6,4.6,.561,0.0,0.3,.167,2.5,4.3,.585,.566,1.5,2.3,.648,1.4,2.5,3.9,0.9,0.4,1.5,0.8,2.2,6.7
Jaren Jackson Jr.,C,23,MEM,45,45,27.4,6.0,12.1,.493,1.5,4.4,.338,4.5,7.7,.581,.554,3.3,4.2,.786,1.7,4.9,6.6,0.8,1.0,3.3,1.5,3.4,16.7
Justin Jackson,SF,27,BOS,23,0,4.7,0.3,1.2,.259,0.2,0.9,.250,0.1,0.3,.286,.352,0.0,0.1,.500,0.1,0.7,0.7,0.4,0.2,0.2,0.1,0.3,0.9
Quenton Jackson,PG,24,WAS,3,0,2.7,0.7,1.0,.667,0.3,0.7,.500,0.3,0.3,1.000,.833,0.0,0.0,0,0.3,0.0,0.3,0.3,0.0,0.0,0.0,0.3,1.7
Reggie Jackson,PG,32,TOT,57,38,25.2,3.9,9.7,.407,1.5,4.3,.339,2.5,5.4,.461,.482,1.1,1.3,.903,0.4,1.8,2.2,3.5,0.8,0.1,1.8,1.8,10.5
Reggie Jackson,PG,32,LAC,52,38,25.7,4.1,9.8,.418,1.5,4.2,.350,2.6,5.6,.469,.493,1.2,1.3,.924,0.4,1.8,2.2,3.5,0.7,0.1,1.8,1.8,10.9
Reggie Jackson,PG,32,DEN,5,0,20.2,2.2,8.2,.268,1.2,5.0,.240,1.0,3.2,.313,.341,0.8,1.2,.667,0.2,1.4,1.6,3.4,1.0,0.2,1.2,1.6,6.4
LeBron James,PF,38,LAL,47,47,36.1,11.3,22.6,.501,2.1,6.9,.308,9.2,15.7,.587,.549,4.8,6.3,.759,1.2,7.2,8.4,6.9,0.9,0.6,3.1,1.7,29.5
Ty Jerome,SG,25,GSW,42,2,18.5,2.7,5.5,.494,0.8,2.0,.381,2.0,3.5,.557,.562,0.9,0.9,.923,0.2,1.6,1.8,3.1,0.5,0.1,0.7,1.5,7.1
Isaiah Joe,SG,23,OKC,55,6,17.0,3.0,6.3,.474,2.3,5.1,.446,0.7,1.2,.588,.654,0.9,1.1,.823,0.3,1.9,2.3,1.2,0.6,0.1,0.5,1.5,9.2
Alize Johnson,PF,26,SAS,4,0,7.5,0.8,1.5,.500,0.0,0.5,.000,0.8,1.0,.750,.500,0.3,0.5,.500,0.5,2.0,2.5,0.3,0.3,0.0,1.0,0.8,1.8
Cameron Johnson,PF,26,TOT,25,24,26.5,5.4,11.4,.475,2.7,6.6,.415,2.7,4.8,.558,.595,2.0,2.5,.810,0.7,3.1,3.8,1.5,1.1,0.4,0.7,2.0,15.6
Cameron Johnson,PF,26,PHO,17,16,25.2,4.8,10.2,.474,2.6,5.8,.455,2.2,4.4,.500,.604,1.6,1.9,.818,0.8,3.0,3.8,1.5,0.9,0.4,0.6,1.7,13.9
Cameron Johnson,PF,26,BRK,8,8,29.1,6.6,13.9,.477,2.9,8.1,.354,3.8,5.8,.652,.581,3.0,3.8,.800,0.4,3.4,3.8,1.5,1.5,0.4,0.9,2.5,19.1
Jalen Johnson,SF,21,ATL,58,6,14.5,2.1,4.2,.484,0.4,1.4,.280,1.7,2.8,.585,.530,0.7,1.1,.661,0.7,3.1,3.8,1.0,0.5,0.4,0.5,1.4,5.2
James Johnson,PF,35,IND,12,1,8.2,0.8,2.3,.370,0.3,0.8,.300,0.6,1.4,.412,.426,0.3,0.3,.750,0.2,1.2,1.3,0.6,0.3,0.4,0.4,2.0,2.2
Keldon Johnson,SF,23,SAS,55,55,32.7,7.9,17.5,.450,2.1,6.5,.320,5.8,11.0,.526,.509,4.1,5.3,.769,0.8,4.0,4.8,2.8,0.7,0.2,2.1,1.9,21.8
Keon Johnson,SG,20,POR,33,0,9.6,1.5,4.1,.375,0.7,1.8,.361,0.9,2.3,.387,.456,0.4,0.7,.545,0.2,0.8,1.1,1.1,0.5,0.1,1.0,1.1,4.1
Stanley Johnson,SF,26,SAS,30,0,15.6,2.2,4.1,.533,0.6,1.3,.450,1.6,2.7,.573,.607,0.9,1.3,.667,0.7,2.4,3.2,2.2,0.5,0.2,1.1,1.6,5.8
Nikola Jokić,C,27,DEN,56,56,33.6,9.3,14.7,.634,0.8,2.0,.398,8.5,12.7,.671,.661,5.0,6.1,.819,2.3,9.5,11.8,10.0,1.3,0.7,3.5,2.6,24.5
Carlik Jones,PG,25,CHI,2,0,11.5,0.5,2.5,.200,0.0,0.5,.000,0.5,2.0,.250,.200,0.5,2.0,.250,0.5,1.0,1.5,1.0,0.0,0.0,0.5,0.5,1.5
Damian Jones,C,27,TOT,25,1,8.7,1.0,1.8,.591,0.0,0.1,.000,1.0,1.6,.634,.591,0.7,0.9,.739,0.8,1.8,2.6,0.2,0.1,0.6,0.4,0.9,2.8
Damian Jones,C,27,LAL,22,1,8.0,0.9,1.7,.541,0.0,0.1,.000,0.9,1.5,.588,.541,0.7,0.9,.750,0.8,1.7,2.5,0.2,0.1,0.5,0.4,0.8,2.5
Damian Jones,C,27,UTA,3,0,13.7,2.0,2.3,.857,0.0,0.0,0,2.0,2.3,.857,.857,0.7,1.0,.667,1.0,2.3,3.3,0.3,0.0,1.3,0.7,2.0,4.7
Derrick Jones Jr.,SF,25,CHI,49,0,14.4,1.8,3.6,.506,0.4,1.1,.327,1.4,2.4,.588,.557,1.1,1.4,.794,1.0,1.5,2.5,0.6,0.4,0.6,0.4,1.4,5.1
Herbert Jones,SF,24,NOP,48,48,28.8,3.3,7.5,.442,0.7,2.5,.283,2.6,5.0,.521,.489,1.9,2.6,.744,1.4,2.5,3.9,2.2,1.6,0.7,1.3,3.2,9.3
Kai Jones,C,22,CHO,31,0,9.2,1.1,2.1,.530,0.1,0.4,.250,1.0,1.7,.593,.553,0.3,0.5,.714,0.7,1.3,1.9,0.2,0.3,0.4,0.4,1.2,2.7
Tre Jones,PG,23,SAS,53,52,29.2,4.9,11.2,.434,0.7,2.5,.263,4.2,8.7,.483,.463,2.2,2.4,.891,0.8,2.8,3.6,6.2,1.3,0.2,1.7,1.5,12.5
Tyus Jones,PG,26,MEM,62,9,22.6,3.6,8.4,.430,1.4,3.8,.374,2.2,4.5,.477,.515,0.9,1.2,.806,0.4,1.8,2.2,4.5,1.0,0.1,0.9,0.4,9.6
DeAndre Jordan,C,34,DEN,35,5,14.3,2.1,2.8,.773,0.0,0.0,1.000,2.1,2.7,.771,.778,0.5,1.2,.439,1.2,3.6,4.8,0.9,0.2,0.6,1.2,1.9,4.8
Cory Joseph,PG,31,DET,44,2,16.2,1.7,4.3,.387,0.6,2.0,.315,1.0,2.3,.451,.461,0.7,0.9,.769,0.2,1.1,1.4,3.2,0.5,0.1,0.7,1.5,4.7
Nikola Jović,PF,19,MIA,15,8,13.6,1.9,4.6,.406,0.5,2.3,.229,1.3,2.3,.588,.464,1.2,1.3,.947,0.6,1.5,2.1,0.7,0.5,0.1,0.7,1.3,5.5
Johnny Juzang,SF,21,UTA,2,0,10.0,1.0,3.5,.286,0.5,2.5,.200,0.5,1.0,.500,.357,0.0,1.0,.000,0.0,0.5,0.5,0.5,0.5,0.5,0.0,0.5,2.5
Mfiondu Kabengele,PF,25,BOS,2,0,7.0,0.5,1.0,.500,0.0,0.5,.000,0.5,0.5,1.000,.500,0.0,0.0,0,1.5,1.0,2.5,0.0,0.0,0.0,0.5,1.5,1.0
Frank Kaminsky,C,29,TOT,31,0,6.7,0.8,1.7,.491,0.4,0.9,.393,0.5,0.8,.600,.594,0.5,0.5,.875,0.1,1.3,1.4,0.9,0.2,0.1,0.3,0.7,2.5
Frank Kaminsky,C,29,ATL,26,0,6.8,1.0,1.7,.568,0.4,0.9,.478,0.5,0.8,.667,.693,0.4,0.5,.833,0.1,1.3,1.4,0.8,0.2,0.0,0.3,0.8,2.7
Frank Kaminsky,C,29,HOU,5,0,6.4,0.2,1.8,.111,0.0,1.0,.000,0.2,0.8,.250,.111,0.8,0.8,1.000,0.2,1.4,1.6,1.4,0.2,0.4,0.0,0.2,1.2
Trevor Keels,SG,19,NYK,2,0,2.0,0.5,1.5,.333,0.5,1.5,.333,0.0,0.0,0,.500,0.0,0.0,0,0.0,1.0,1.0,0.0,0.0,0.0,0.0,0.0,1.5
Luke Kennard,SG,26,TOT,41,11,20.8,2.7,5.9,.450,1.7,3.8,.446,1.0,2.1,.459,.595,0.6,0.6,.958,0.2,2.1,2.2,1.1,0.5,0.1,0.8,1.4,7.6
Luke Kennard,SG,26,LAC,35,11,20.7,2.8,6.0,.464,1.7,3.8,.447,1.1,2.3,.494,.604,0.5,0.6,.950,0.2,2.2,2.4,1.1,0.5,0.1,0.9,1.3,7.8
Luke Kennard,SG,26,MEM,6,0,21.3,1.8,5.2,.355,1.8,4.2,.440,0.0,1.0,.000,.532,0.7,0.7,1.000,0.2,1.3,1.5,1.2,0.2,0.0,0.3,1.7,6.2
Walker Kessler,C,21,UTA,61,27,21.9,3.6,5.0,.713,0.0,0.0,1.000,3.6,5.0,.712,.715,1.1,2.0,.533,3.0,5.1,8.1,0.8,0.4,2.2,0.8,2.3,8.3
Braxton Key,SF,25,DET,3,0,3.0,0.3,0.3,1.000,0.0,0.0,0,0.3,0.3,1.000,1.000,0.7,0.7,1.000,0.0,0.3,0.3,0.0,0.0,0.0,0.0,0.0,1.3
Corey Kispert,SF,23,WAS,54,32,26.9,3.3,6.8,.478,1.9,4.5,.413,1.4,2.3,.603,.614,0.9,1.1,.864,0.4,2.3,2.7,1.2,0.6,0.1,0.7,1.3,9.3
Maxi Kleber,C,31,DAL,24,0,25.3,2.4,4.8,.504,1.1,3.0,.380,1.3,1.8,.705,.622,0.5,0.8,.600,0.8,2.7,3.5,1.1,0.3,1.0,0.5,2.3,6.5
Nathan Knight,PF,25,MIN,34,0,8.1,1.3,2.2,.573,0.2,0.6,.381,1.0,1.6,.648,.627,1.1,1.6,.679,0.6,0.9,1.5,0.4,0.3,0.2,0.6,1.1,3.8
Kevin Knox,PF-SF,23,TOT,48,1,12.9,1.8,3.9,.465,0.9,2.5,.358,0.9,1.4,.662,.581,0.6,0.7,.800,0.5,1.9,2.3,0.3,0.3,0.3,0.7,1.6,5.1
Kevin Knox,PF,23,DET,42,1,14.1,2.0,4.3,.469,1.0,2.8,.371,1.0,1.5,.651,.589,0.6,0.8,.788,0.5,2.1,2.6,0.4,0.3,0.3,0.8,1.8,5.6
Kevin Knox,SF,23,POR,6,0,4.3,0.3,1.0,.333,0.0,0.7,.000,0.3,0.3,1.000,.333,0.3,0.3,1.000,0.3,0.3,0.7,0.0,0.0,0.0,0.0,0.8,1.0
Christian Koloko,C,22,TOR,46,19,14.4,1.3,2.7,.484,0.0,0.2,.111,1.3,2.5,.513,.488,0.8,1.2,.660,1.5,1.7,3.2,0.5,0.3,1.0,0.4,2.4,3.4
John Konchar,SG,26,MEM,54,22,21.7,2.1,4.9,.432,1.0,2.7,.361,1.1,2.2,.521,.532,0.4,0.5,.857,0.9,3.7,4.5,1.4,1.0,0.3,0.5,1.5,5.6
Furkan Korkmaz,SG,25,PHI,25,0,10.2,1.3,3.1,.410,0.5,1.4,.343,0.8,1.7,.465,.487,0.8,1.2,.655,0.2,0.9,1.2,0.7,0.2,0.1,0.6,0.4,3.8
Luke Kornet,C,27,BOS,54,0,11.4,1.6,2.3,.697,0.1,0.2,.333,1.5,2.1,.726,.709,0.5,0.6,.853,1.2,1.6,2.8,0.7,0.2,0.7,0.4,1.3,3.7
Vit Krejci,PG,22,ATL,22,0,5.5,0.5,1.3,.379,0.2,0.8,.278,0.3,0.5,.545,.466,0.0,0.1,.500,0.1,0.5,0.6,0.5,0.1,0.0,0.2,0.5,1.3
Jonathan Kuminga,PF,20,GSW,52,11,20.2,3.6,7.1,.504,0.7,2.1,.345,2.8,4.9,.572,.556,1.2,1.9,.653,0.9,2.3,3.3,1.8,0.6,0.4,1.5,2.3,9.1
Kyle Kuzma,PF,27,WAS,57,57,35.1,8.1,18.2,.445,2.6,7.7,.333,5.5,10.5,.527,.515,2.7,3.7,.723,0.9,6.4,7.4,3.8,0.5,0.5,2.9,2.3,21.5
Anthony Lamb,SF,25,GSW,49,3,20.0,2.5,5.3,.477,1.3,3.4,.379,1.2,1.9,.659,.600,0.7,0.9,.733,0.9,2.5,3.4,1.7,0.5,0.3,0.9,2.3,7.0
Jock Landale,C,27,PHO,55,3,14.3,2.5,4.8,.508,0.3,1.4,.244,2.1,3.4,.617,.543,1.3,1.7,.768,1.8,2.4,4.1,0.9,0.3,0.5,0.9,1.8,6.6
Romeo Langford,SG,23,SAS,32,19,20.2,3.1,6.4,.490,0.4,1.4,.283,2.7,4.9,.551,.522,0.8,1.2,.649,1.4,1.4,2.9,1.3,0.5,0.3,0.7,1.7,7.4
Jake LaRavia,PF,21,MEM,32,0,12.1,1.1,2.8,.393,0.7,2.0,.338,0.4,0.8,.542,.517,0.2,0.3,.778,0.5,1.3,1.9,0.7,0.4,0.1,0.6,1.5,3.1
Zach LaVine,SG,27,CHI,60,60,35.9,8.5,17.8,.475,2.8,7.3,.377,5.7,10.5,.543,.552,4.7,5.6,.844,0.6,4.2,4.7,4.0,1.0,0.2,2.6,2.2,24.4
A.J. Lawson,SG,22,TOT,13,0,4.8,1.0,2.0,.500,0.5,1.2,.438,0.5,0.8,.600,.635,0.1,0.2,.333,0.2,0.6,0.8,0.1,0.1,0.0,0.1,0.6,2.6
A.J. Lawson,SG,22,MIN,1,0,2.0,1.0,1.0,1.000,0.0,0.0,0,1.0,1.0,1.000,1.000,0.0,0.0,0,0.0,1.0,1.0,0.0,0.0,0.0,0.0,1.0,2.0
A.J. Lawson,SG,22,DAL,12,0,5.1,1.0,2.1,.480,0.6,1.3,.438,0.4,0.8,.556,.620,0.1,0.3,.333,0.2,0.6,0.8,0.1,0.1,0.0,0.1,0.6,2.7
Damion Lee,SG,30,PHO,64,5,21.6,2.8,6.4,.441,1.6,3.6,.439,1.2,2.8,.444,.565,1.4,1.5,.909,0.5,2.6,3.1,1.5,0.4,0.1,1.1,1.6,8.6
Saben Lee,PG,23,TOT,21,0,14.1,1.8,4.0,.440,0.3,0.9,.368,1.4,3.1,.462,.482,1.6,2.1,.756,0.5,1.2,1.7,2.6,0.7,0.0,1.1,1.3,5.5
Saben Lee,PG,23,PHI,2,0,5.0,1.5,2.0,.750,0.0,0.5,.000,1.5,1.5,1.000,.750,0.0,0.0,0,0.0,0.0,0.0,1.0,0.5,0.0,1.5,0.5,3.0
Saben Lee,PG,23,PHO,19,0,15.1,1.8,4.2,.425,0.4,0.9,.389,1.4,3.3,.435,.469,1.8,2.4,.756,0.5,1.4,1.9,2.8,0.7,0.1,1.1,1.4,5.7
Alex Len,C,29,SAC,14,1,3.4,0.4,0.7,.500,0.0,0.1,.000,0.4,0.6,.556,.500,0.2,0.3,.750,0.3,0.8,1.1,0.4,0.0,0.0,0.4,0.7,0.9
Kawhi Leonard,SF,31,LAC,38,36,33.1,8.3,16.4,.509,1.9,4.5,.413,6.5,11.9,.545,.566,4.4,5.1,.866,1.1,5.0,6.1,3.9,1.4,0.6,1.6,1.6,23.0
Meyers Leonard,C,30,MIL,4,0,6.8,0.8,2.0,.375,0.8,1.8,.429,0.0,0.3,.000,.563,0.5,0.5,1.000,0.5,1.5,2.0,0.0,0.3,0.0,0.3,1.0,2.8
Caris LeVert,SG,28,CLE,59,26,30.0,4.2,10.1,.411,1.5,4.2,.355,2.7,6.0,.450,.484,1.7,2.4,.720,0.7,3.2,3.9,4.0,0.8,0.2,1.6,2.2,11.6
Kira Lewis Jr.,PG,21,NOP,17,0,10.6,2.0,3.9,.507,0.8,1.5,.520,1.2,2.5,.500,.604,0.9,0.9,.938,0.3,1.5,1.8,0.9,0.4,0.1,0.5,1.2,5.6
Damian Lillard,PG,32,POR,50,50,36.3,9.8,20.7,.472,4.3,11.2,.379,5.5,9.4,.584,.576,8.5,9.3,.920,0.7,3.7,4.4,7.1,0.9,0.3,3.2,1.9,32.3
Nassir Little,SF,22,POR,42,2,17.2,2.3,5.0,.467,1.1,2.8,.405,1.2,2.2,.543,.579,0.5,0.8,.657,0.5,2.1,2.6,0.9,0.4,0.4,0.5,1.1,6.3
Isaiah Livers,PF,24,DET,40,10,21.0,1.9,4.6,.407,1.3,3.5,.369,0.6,1.0,.537,.549,0.6,0.7,.786,0.5,1.8,2.3,0.6,0.5,0.6,0.6,1.9,5.6
Kenneth Lofton Jr.,PF,20,MEM,11,0,3.5,0.7,1.9,.381,0.0,0.4,.000,0.7,1.5,.471,.381,0.3,0.5,.600,0.1,0.4,0.5,0.6,0.1,0.0,0.2,0.5,1.7
Kevon Looney,C,26,GSW,64,57,23.5,3.0,4.5,.667,0.0,0.0,.000,3.0,4.5,.669,.667,1.1,1.8,.612,3.1,6.0,9.1,2.5,0.5,0.6,0.5,2.9,7.1
Brook Lopez,C,34,MIL,61,61,30.3,5.6,11.0,.510,1.8,4.9,.377,3.8,6.1,.616,.594,1.6,2.1,.763,2.0,4.6,6.6,1.2,0.5,2.4,1.4,2.5,14.7
Robin Lopez,C,34,CLE,32,1,7.7,1.2,1.8,.655,0.1,0.1,.667,1.1,1.7,.655,.672,0.4,0.5,.750,0.6,0.7,1.3,0.4,0.0,0.1,0.7,1.0,2.8
Kevin Love,PF,34,TOT,46,8,20.4,2.7,6.9,.389,1.6,4.8,.342,1.1,2.2,.490,.506,1.4,1.5,.887,1.0,5.9,6.9,1.9,0.2,0.2,1.1,1.7,8.4
Kevin Love,PF,34,CLE,41,3,20.0,2.7,7.0,.389,1.7,4.8,.354,1.0,2.2,.467,.511,1.4,1.5,.889,1.0,5.8,6.8,1.9,0.2,0.2,1.1,1.6,8.5
Kevin Love,PF,34,MIA,5,5,23.2,2.6,6.8,.382,1.2,4.8,.250,1.4,2.0,.700,.471,1.4,1.6,.875,1.0,6.8,7.8,2.0,0.4,0.4,0.6,2.2,7.8
Kyle Lowry,PG,36,MIA,44,44,33.3,3.8,9.7,.396,2.0,6.1,.333,1.8,3.6,.503,.501,2.3,2.7,.855,0.9,3.5,4.3,5.3,1.1,0.4,2.0,2.8,12.0
Trey Lyles,PF,27,SAC,56,0,16.3,2.5,5.3,.477,1.1,3.1,.368,1.4,2.3,.622,.582,1.3,1.6,.802,0.9,2.8,3.8,0.9,0.4,0.5,0.8,1.3,7.5
Théo Maledon,PG,21,CHO,36,1,16.1,1.8,4.4,.414,0.6,1.8,.333,1.2,2.6,.468,.481,1.4,1.6,.875,0.3,2.1,2.4,2.4,0.8,0.2,1.0,1.0,5.6
Sandro Mamukelashvili,C,23,MIL,24,0,9.0,0.8,2.4,.328,0.3,1.3,.219,0.5,1.1,.462,.388,0.5,0.8,.667,0.8,1.6,2.3,0.7,0.2,0.2,0.4,0.8,2.4
Terance Mann,SG,26,LAC,65,35,23.4,3.5,6.6,.525,1.0,2.5,.394,2.5,4.2,.603,.598,1.1,1.4,.775,1.0,2.7,3.6,2.2,0.5,0.3,1.0,1.9,9.0
Tre Mann,PG,21,OKC,57,4,18.0,3.0,7.7,.386,1.3,4.0,.313,1.7,3.7,.467,.468,0.6,0.8,.733,0.4,1.9,2.3,1.7,0.6,0.2,0.9,1.5,7.8
Boban Marjanović,C,34,HOU,22,0,4.5,1.3,1.9,.683,0.0,0.0,.000,1.3,1.8,.700,.683,0.8,1.0,.783,0.5,1.0,1.5,0.2,0.0,0.0,0.3,0.2,3.4
Lauri Markkanen,SF,25,UTA,58,58,34.3,8.5,16.7,.510,3.0,7.4,.405,5.5,9.2,.595,.600,5.2,5.9,.875,1.9,6.7,8.6,1.8,0.6,0.6,1.9,2.1,25.2
Naji Marshall,SF,25,NOP,59,19,24.7,3.4,7.8,.429,1.0,3.1,.313,2.4,4.7,.504,.490,1.9,2.4,.780,0.7,3.0,3.7,2.5,0.8,0.2,1.2,1.5,9.5
Caleb Martin,PF,27,MIA,54,49,29.9,3.7,8.2,.456,1.3,3.6,.364,2.4,4.6,.528,.536,1.3,1.6,.782,1.3,3.7,5.0,1.6,1.0,0.4,1.1,2.1,10.1
Cody Martin,SF,27,CHO,7,0,19.1,2.0,5.1,.389,0.4,2.0,.214,1.6,3.1,.500,.431,0.6,1.0,.571,1.1,2.3,3.4,1.6,0.6,0.1,0.3,1.9,5.0
Kenyon Martin Jr.,SF,22,HOU,62,29,26.7,4.7,8.4,.561,0.9,2.7,.317,3.9,5.7,.676,.612,1.7,2.5,.658,1.5,4.1,5.6,1.5,0.5,0.4,1.1,1.8,12.0
Tyrese Martin,SG,23,ATL,13,0,3.5,0.5,1.2,.375,0.1,0.4,.200,0.4,0.8,.455,.406,0.2,0.2,1.000,0.2,0.3,0.5,0.0,0.1,0.0,0.1,0.2,1.2
Garrison Mathews,SG,26,TOT,47,0,12.9,1.3,3.6,.357,1.1,3.3,.346,0.1,0.3,.467,.515,0.9,1.0,.911,0.2,1.1,1.3,0.5,0.5,0.1,0.4,1.2,4.6
Garrison Mathews,SG,26,HOU,45,0,13.4,1.3,3.8,.353,1.2,3.4,.342,0.2,0.3,.467,.509,0.9,1.0,.911,0.2,1.2,1.4,0.5,0.5,0.1,0.4,1.2,4.8
Garrison Mathews,SG,26,ATL,2,0,3.0,0.5,0.5,1.000,0.5,0.5,1.000,0.0,0.0,0,1.500,0.0,0.0,0,0.0,0.5,0.5,0.0,0.0,0.0,0.0,0.0,1.5
Bennedict Mathurin,SF,20,IND,64,6,28.0,5.4,12.5,.428,1.4,4.3,.324,4.0,8.3,.482,.483,4.8,5.8,.830,1.1,3.0,4.1,1.4,0.6,0.1,1.8,2.1,16.9
Wesley Matthews,SG,36,MIL,39,0,15.6,1.0,3.0,.331,0.8,2.4,.326,0.2,0.6,.348,.462,0.4,0.5,.850,0.8,1.5,2.2,0.5,0.4,0.3,0.4,1.4,3.2
Tyrese Maxey,SG,22,PHI,43,24,32.7,7.2,15.7,.459,2.3,5.9,.395,4.9,9.8,.498,.533,3.1,3.8,.817,0.4,2.4,2.8,3.6,0.8,0.1,1.3,2.2,19.9
Miles McBride,PG,22,NYK,50,2,12.0,1.1,3.3,.335,0.6,2.1,.286,0.5,1.2,.424,.427,0.4,0.6,.688,0.2,0.6,0.8,1.1,0.5,0.0,0.4,0.9,3.2
CJ McCollum,SG,31,NOP,57,57,35.1,7.9,18.2,.434,2.8,7.4,.375,5.1,10.8,.474,.510,2.5,3.2,.800,0.8,3.5,4.3,5.9,0.9,0.6,2.6,2.0,21.1
T.J. McConnell,PG,30,IND,61,6,19.7,3.3,6.4,.524,0.3,0.7,.419,3.0,5.7,.538,.548,0.7,0.8,.837,0.6,2.4,3.0,5.0,1.0,0.1,1.8,1.3,7.7
Jaden McDaniels,PF,22,MIN,62,62,30.7,4.5,8.7,.518,1.3,3.3,.384,3.3,5.5,.598,.590,1.2,1.7,.738,1.3,2.6,3.9,2.0,1.0,1.0,1.4,3.4,11.5
Jalen McDaniels,SF,25,TOT,64,21,25.3,3.6,8.2,.446,1.0,3.3,.321,2.6,4.9,.529,.510,1.5,1.8,.831,0.8,3.8,4.6,1.9,1.1,0.5,1.3,2.7,9.9
Jalen McDaniels,SF,25,CHO,56,21,26.7,3.9,8.8,.447,1.2,3.6,.322,2.8,5.2,.534,.513,1.6,1.9,.846,0.8,4.0,4.8,2.0,1.2,0.5,1.4,2.8,10.6
Jalen McDaniels,SF,25,PHI,8,0,15.4,1.5,3.6,.414,0.3,0.9,.286,1.3,2.8,.455,.448,1.3,1.8,.714,1.0,2.4,3.4,1.1,0.5,0.0,0.5,2.1,4.5
Doug McDermott,SF,31,SAS,55,0,20.4,3.6,7.9,.457,1.8,4.5,.411,1.8,3.4,.519,.574,0.7,0.9,.745,0.3,1.8,2.1,1.4,0.2,0.1,0.9,1.8,9.8
JaVale McGee,C,35,DAL,36,7,8.1,1.8,2.9,.604,0.0,0.1,.250,1.8,2.8,.618,.608,0.5,0.9,.563,0.8,1.8,2.6,0.3,0.1,0.6,0.9,1.2,4.1
Bryce McGowens,SG,20,CHO,29,1,14.4,1.3,3.4,.370,0.4,1.3,.324,0.9,2.2,.397,.430,0.8,1.1,.750,0.4,1.4,1.8,0.9,0.3,0.1,0.6,0.8,3.8
Rodney McGruder,SG,31,DET,23,4,11.5,1.1,2.9,.373,0.7,2.0,.362,0.3,0.9,.400,.500,0.4,0.6,.692,0.5,0.9,1.4,0.7,0.3,0.0,0.3,0.8,3.3
Jordan McLaughlin,PG,26,MIN,28,0,15.4,1.4,3.4,.417,0.4,1.8,.220,1.0,1.6,.630,.474,0.3,0.4,.900,0.5,1.1,1.6,3.1,0.9,0.1,0.8,0.5,3.6
De'Anthony Melton,PG,24,PHI,59,49,28.3,3.7,8.6,.424,2.1,5.3,.397,1.5,3.3,.467,.546,0.9,1.1,.803,0.9,3.2,4.1,2.7,1.7,0.5,1.4,2.5,10.3
Chimezie Metu,C,25,SAC,49,0,11.2,2.1,3.4,.598,0.2,0.7,.250,1.9,2.8,.679,.621,0.7,0.9,.744,0.8,2.4,3.2,0.7,0.3,0.3,0.6,1.3,4.9
Khris Middleton,SF,31,MIL,20,7,21.5,4.9,11.6,.424,1.5,4.9,.299,3.5,6.7,.515,.487,2.4,2.6,.904,0.7,3.5,4.2,4.2,0.7,0.2,2.2,2.1,13.6
Patty Mills,PG,34,BRK,37,1,13.1,2.0,4.8,.412,1.1,3.1,.368,0.8,1.7,.492,.531,0.5,0.6,.905,0.2,0.8,0.9,1.3,0.4,0.1,0.6,0.7,5.6
Shake Milton,SG,26,PHI,58,9,20.4,3.3,6.7,.494,0.7,1.9,.384,2.6,4.8,.538,.549,1.3,1.6,.846,0.5,2.1,2.5,2.8,0.3,0.2,1.3,1.6,8.7
Josh Minott,SF,20,MIN,11,0,6.2,1.3,2.5,.519,0.1,0.4,.250,1.2,2.1,.565,.537,0.5,0.5,1.000,0.5,1.5,2.0,0.3,0.3,0.5,0.0,0.6,3.2
Davion Mitchell,PG,24,SAC,61,6,18.0,2.3,5.0,.454,0.8,2.4,.329,1.5,2.6,.570,.533,0.3,0.4,.800,0.2,1.1,1.3,2.2,0.5,0.2,0.8,1.5,5.6
Donovan Mitchell,SG,26,CLE,54,54,35.5,9.6,20.0,.481,3.7,9.5,.387,6.0,10.6,.564,.572,4.6,5.2,.876,0.9,3.1,4.0,4.8,1.5,0.4,2.7,2.4,27.5
Evan Mobley,PF,21,CLE,63,63,34.2,6.5,11.9,.549,0.3,1.3,.214,6.3,10.6,.592,.561,2.5,3.7,.690,2.3,6.6,8.9,2.6,0.8,1.3,2.0,2.9,15.9
Isaiah Mobley,PF,23,CLE,9,0,2.9,0.4,0.9,.500,0.1,0.2,.500,0.3,0.7,.500,.563,0.0,0.0,0,0.1,1.1,1.2,0.0,0.1,0.0,0.0,0.2,1.0
Chima Moneke,SF,27,SAC,2,0,4.0,0.5,1.0,.500,0.0,0.0,0,0.5,1.0,.500,.500,0.0,1.0,.000,1.0,0.0,1.0,0.5,0.0,0.0,1.0,1.0,1.0
Malik Monk,SG,24,SAC,59,0,22.7,4.8,10.6,.451,1.7,5.1,.338,3.1,5.5,.557,.533,2.4,2.6,.904,0.5,2.1,2.6,3.9,0.6,0.2,2.0,1.6,13.7
Moses Moody,SG,20,GSW,50,3,13.4,1.6,3.7,.435,0.8,2.3,.336,0.8,1.4,.603,.541,0.6,0.9,.727,0.4,1.1,1.6,0.8,0.3,0.1,0.6,0.8,4.6
Wendell Moore Jr.,SG,21,MIN,24,2,5.8,0.6,1.5,.405,0.1,0.7,.125,0.5,0.9,.619,.432,0.2,0.2,.800,0.1,0.6,0.7,0.7,0.3,0.2,0.3,0.5,1.5
Ja Morant,PG,23,MEM,53,53,32.5,9.6,20.6,.463,1.6,5.1,.316,8.0,15.6,.512,.502,6.4,8.5,.744,1.1,4.8,6.0,8.2,1.1,0.2,3.4,1.7,27.1
Marcus Morris,PF,33,LAC,56,56,28.6,4.5,10.4,.430,1.9,5.1,.371,2.6,5.3,.485,.520,1.2,1.5,.786,0.4,3.7,4.1,1.8,0.7,0.4,0.9,2.2,12.0
Markieff Morris,PF,33,TOT,29,1,10.3,1.2,2.9,.400,0.7,1.8,.404,0.4,1.1,.394,.524,0.3,0.3,1.000,0.4,1.6,2.0,0.9,0.3,0.2,0.5,1.3,3.4
Markieff Morris,PF,33,BRK,27,1,10.6,1.2,3.0,.402,0.7,1.8,.408,0.5,1.2,.394,.524,0.4,0.4,1.000,0.5,1.7,2.2,0.9,0.3,0.2,0.5,1.2,3.6
Markieff Morris,PF,33,DAL,2,0,7.0,0.5,1.5,.333,0.5,1.5,.333,0.0,0.0,0,.500,0.0,0.0,0,0.0,0.0,0.0,0.5,0.5,0.0,0.5,2.5,1.5
Monte Morris,PG,27,WAS,51,51,28.1,4.0,8.2,.483,1.4,3.3,.406,2.6,4.9,.536,.565,1.1,1.3,.806,0.4,3.0,3.4,5.3,0.7,0.2,1.0,1.4,10.4
Trey Murphy III,SF,22,NOP,61,47,29.2,4.4,9.3,.471,2.2,5.6,.385,2.2,3.7,.603,.587,1.8,2.0,.908,0.8,2.8,3.6,1.3,1.0,0.5,0.8,2.0,12.7
Dejounte Murray,SG,26,ATL,58,58,36.3,8.6,18.1,.472,2.1,5.6,.373,6.4,12.5,.517,.530,2.0,2.4,.839,0.7,4.7,5.4,6.1,1.5,0.3,2.3,1.4,21.2
Jamal Murray,PG,25,DEN,50,50,32.6,7.4,16.2,.455,2.5,6.4,.391,4.9,9.8,.497,.532,3.0,3.6,.822,0.8,3.3,4.1,6.0,1.0,0.2,2.1,1.4,20.2
Keegan Murray,SF,22,SAC,60,58,29.9,4.4,9.7,.449,2.5,6.1,.415,1.8,3.6,.507,.579,0.9,1.1,.800,1.2,3.5,4.7,1.1,0.8,0.5,0.8,1.9,12.1
Mike Muscala,C,31,TOT,49,6,14.8,2.1,4.9,.439,1.3,3.4,.391,0.8,1.4,.557,.577,0.7,0.8,.780,0.5,2.6,3.1,0.8,0.2,0.4,0.3,1.6,6.3
Mike Muscala,C,31,OKC,43,5,14.5,2.1,4.7,.438,1.3,3.3,.394,0.8,1.4,.541,.576,0.7,0.9,.795,0.5,2.6,3.1,0.9,0.3,0.4,0.3,1.6,6.2
Mike Muscala,C,31,BOS,6,1,17.2,2.7,6.0,.444,1.7,4.5,.370,1.0,1.5,.667,.583,0.2,0.3,.500,0.5,2.7,3.2,0.3,0.2,0.3,0.5,1.7,7.2
Svi Mykhailiuk,SF,25,TOT,16,0,5.4,0.8,1.8,.429,0.5,1.1,.471,0.3,0.7,.364,.571,0.3,0.5,.500,0.1,0.6,0.6,0.3,0.1,0.0,0.3,0.2,2.3
Svi Mykhailiuk,SF,25,NYK,13,0,3.1,0.5,0.9,.500,0.5,0.8,.600,0.0,0.2,.000,.750,0.2,0.4,.600,0.0,0.5,0.5,0.1,0.1,0.0,0.2,0.1,1.6
Svi Mykhailiuk,SF,25,CHO,3,0,15.7,2.0,5.3,.375,0.7,2.3,.286,1.3,3.0,.444,.438,0.3,1.0,.333,0.3,0.7,1.0,1.0,0.0,0.0,0.7,0.7,5.0
Larry Nance Jr.,PF,30,NOP,50,1,22.3,3.2,5.3,.616,0.3,0.8,.342,3.0,4.5,.662,.641,1.0,1.4,.676,1.8,4.1,5.9,1.9,0.9,0.7,0.7,2.1,7.7
Andrew Nembhard,SG,23,IND,57,45,26.9,3.1,7.6,.411,1.2,3.5,.332,1.9,4.1,.481,.488,0.5,0.6,.833,0.5,2.2,2.7,4.1,1.0,0.2,1.6,2.5,7.9
Aaron Nesmith,SF,23,IND,57,45,24.4,3.3,7.9,.417,1.5,4.2,.349,1.8,3.7,.493,.509,1.6,1.8,.864,0.8,2.9,3.7,1.2,0.8,0.4,0.9,3.4,9.6
Raul Neto,PG,30,CLE,41,1,10.2,1.1,2.2,.517,0.3,0.9,.333,0.8,1.3,.642,.584,0.6,0.6,.920,0.2,0.8,1.0,1.4,0.4,0.1,0.3,0.9,3.1
Georges Niang,PF,29,PHI,59,0,19.3,2.9,6.6,.440,2.0,5.1,.399,0.9,1.5,.578,.593,0.5,0.5,.875,0.3,2.1,2.4,1.1,0.4,0.2,0.7,1.9,8.3
Daishen Nix,PG,20,HOU,45,6,16.2,1.5,4.1,.357,0.8,2.5,.316,0.7,1.6,.423,.454,0.5,0.8,.676,0.3,1.4,1.7,2.6,0.6,0.1,1.5,1.0,4.2
Zeke Nnaji,PF,22,DEN,44,5,13.3,2.0,3.5,.572,0.3,1.0,.289,1.7,2.4,.692,.615,0.8,1.2,.667,1.3,1.0,2.3,0.3,0.3,0.4,0.5,1.8,5.1
Nerlens Noel,C,28,DET,14,3,10.9,0.9,2.1,.400,0.1,0.1,.500,0.8,2.0,.393,.417,0.5,0.7,.700,0.5,2.1,2.6,0.5,0.9,0.6,0.6,1.8,2.3
Jaylen Nowell,SG,23,MIN,62,2,19.5,4.3,9.7,.446,1.1,3.6,.293,3.2,6.0,.537,.501,1.2,1.6,.784,0.5,2.1,2.6,2.0,0.6,0.1,1.0,1.5,10.9
Frank Ntilikina,PG,24,DAL,38,3,12.2,0.9,2.6,.347,0.3,1.4,.208,0.6,1.2,.511,.403,0.4,0.6,.636,0.2,1.2,1.3,1.2,0.3,0.1,0.7,1.3,2.4
Kendrick Nunn,SG-PG,27,TOT,54,2,14.3,2.7,6.4,.424,1.1,3.1,.337,1.7,3.3,.506,.506,0.5,0.6,.839,0.2,1.3,1.5,1.3,0.4,0.1,0.9,0.9,7.0
Kendrick Nunn,SG,27,LAL,39,2,13.5,2.6,6.4,.406,1.1,3.2,.325,1.6,3.2,.488,.488,0.4,0.5,.810,0.1,1.3,1.4,0.9,0.3,0.1,0.8,0.9,6.7
Kendrick Nunn,PG,27,WAS,15,0,16.4,3.0,6.4,.469,1.1,2.9,.372,1.9,3.5,.547,.552,0.6,0.7,.900,0.5,1.4,1.9,2.3,0.5,0.0,1.1,1.1,7.7
Jusuf Nurkić,C,28,POR,45,45,27.3,5.2,9.8,.524,0.9,2.2,.390,4.3,7.6,.563,.568,2.6,3.8,.686,2.3,7.2,9.4,2.9,0.9,0.9,2.4,3.6,13.8
Jordan Nwora,SF,24,TOT,44,3,16.3,2.3,5.6,.399,1.1,2.8,.387,1.2,2.8,.411,.496,0.9,1.1,.833,0.7,2.4,3.2,1.2,0.4,0.2,0.9,0.9,6.5
Jordan Nwora,SF,24,MIL,38,3,15.7,2.0,5.2,.386,1.1,2.7,.392,0.9,2.5,.379,.487,1.0,1.1,.860,0.8,2.3,3.1,1.0,0.3,0.2,0.9,0.9,6.0
Jordan Nwora,SF,24,IND,6,0,20.2,3.8,8.5,.451,1.3,3.7,.364,2.5,4.8,.517,.529,0.5,0.8,.600,0.5,3.2,3.7,2.3,0.7,0.2,0.7,0.8,9.5
Royce O'Neale,SF,29,BRK,60,52,32.8,3.1,7.9,.389,2.2,5.5,.393,0.9,2.4,.382,.526,0.6,0.8,.735,0.7,4.1,4.8,3.8,0.8,0.7,1.5,3.1,8.9
Chuma Okeke,SF,24,ORL,20,7,20.5,1.7,4.6,.363,1.0,3.2,.302,0.7,1.4,.500,.467,0.8,1.1,.762,1.1,2.9,3.9,1.3,0.6,0.5,0.5,1.7,5.1
Josh Okogie,SG,24,PHO,54,8,16.3,2.2,5.2,.420,0.8,2.4,.352,1.4,2.8,.477,.500,1.6,2.3,.724,1.5,1.8,3.4,1.2,0.7,0.4,0.9,1.5,6.9
Onyeka Okongwu,C,22,ATL,61,17,23.8,3.9,6.1,.630,0.0,0.1,.333,3.8,6.0,.635,.633,1.5,2.0,.748,2.6,4.7,7.3,1.0,0.7,1.3,1.0,3.3,9.2
Isaac Okoro,SF,22,CLE,65,35,21.1,2.2,4.6,.490,0.8,2.2,.347,1.5,2.4,.623,.574,1.1,1.4,.750,0.7,1.9,2.6,1.1,0.7,0.4,0.6,2.0,6.3
KZ Okpala,PF,23,SAC,35,3,7.1,0.5,1.1,.421,0.2,0.6,.333,0.3,0.5,.529,.513,0.2,0.2,.875,0.2,0.8,1.0,0.4,0.2,0.2,0.2,1.1,1.3
Victor Oladipo,SG,30,MIA,31,1,27.3,3.7,9.5,.392,1.4,4.6,.301,2.3,4.8,.480,.466,1.5,1.9,.763,0.4,3.0,3.4,3.5,1.5,0.2,1.9,2.5,10.3
Kelly Olynyk,C,31,UTA,52,52,28.2,3.9,8.0,.494,1.4,3.5,.404,2.5,4.5,.565,.583,2.7,3.3,.835,1.2,4.2,5.4,3.2,0.9,0.6,2.3,3.7,12.0
Eugene Omoruyi,SF,25,OKC,23,2,11.8,1.9,4.1,.468,0.3,1.3,.258,1.6,2.7,.571,.511,0.7,1.2,.607,1.0,1.3,2.3,0.5,0.6,0.0,0.7,2.0,4.9
Cedi Osman,SF,27,CLE,61,0,20.8,3.2,7.0,.453,1.4,4.0,.348,1.8,3.0,.591,.552,1.0,1.4,.659,0.3,1.9,2.2,1.5,0.5,0.1,0.7,1.5,8.7
Kelly Oubre Jr.,SF,27,CHO,40,32,32.3,7.4,17.4,.424,2.3,7.3,.314,5.1,10.1,.504,.490,3.0,4.1,.747,1.5,3.9,5.4,1.1,1.5,0.4,1.3,3.0,20.1
Chris Paul,PG,37,PHO,43,43,32.1,4.7,11.1,.425,1.6,4.2,.370,3.2,6.9,.458,.495,2.5,3.0,.817,0.4,3.8,4.2,9.0,1.6,0.4,2.1,2.2,13.5
Cameron Payne,PG,28,PHO,32,14,22.7,4.3,10.6,.405,1.7,4.5,.375,2.6,6.1,.428,.485,1.2,1.7,.736,0.3,2.0,2.3,4.8,0.8,0.2,2.0,2.1,11.5
Gary Payton II,PG,30,POR,15,1,17.0,1.6,2.7,.585,0.6,1.1,.529,1.0,1.6,.625,.695,0.3,0.3,1.000,0.7,1.9,2.6,1.5,1.1,0.1,0.8,1.9,4.1
Theo Pinson,SG,27,DAL,33,0,7.2,0.6,1.8,.339,0.5,1.3,.357,0.2,0.5,.294,.466,0.3,0.3,.818,0.2,0.9,1.2,0.9,0.1,0.0,0.3,0.7,1.9
Scotty Pippen Jr.,PG,22,LAL,6,0,5.3,0.7,2.0,.333,0.2,0.5,.333,0.5,1.5,.333,.375,0.8,1.5,.556,0.3,0.3,0.7,0.3,0.3,0.2,0.3,0.5,2.3
Mason Plumlee,C,32,TOT,63,60,27.8,4.5,6.7,.676,0.0,0.0,0,4.5,6.7,.676,.676,2.8,4.5,.627,3.2,6.5,9.7,3.5,0.6,0.6,1.6,2.9,11.8
Mason Plumlee,C,32,CHO,56,56,28.5,4.7,7.1,.669,0.0,0.0,0,4.7,7.1,.669,.669,2.8,4.6,.605,3.3,6.3,9.7,3.7,0.6,0.6,1.6,2.9,12.2
Mason Plumlee,C,32,LAC,7,4,22.3,2.7,3.4,.792,0.0,0.0,0,2.7,3.4,.792,.792,3.3,4.0,.821,1.9,7.9,9.7,2.3,0.4,0.6,1.7,2.9,8.7
Jakob Poeltl,C,27,TOT,54,53,26.3,5.4,8.4,.637,0.0,0.0,.000,5.4,8.4,.639,.637,1.8,3.0,.601,3.3,5.8,9.1,3.0,1.0,1.3,1.9,2.6,12.6
Jakob Poeltl,C,27,SAS,46,46,26.1,5.2,8.4,.616,0.0,0.0,.000,5.2,8.4,.618,.616,1.7,2.8,.605,3.3,5.7,9.0,3.1,0.8,1.1,2.1,2.6,12.1
Jakob Poeltl,C,27,TOR,8,7,27.6,6.4,8.4,.761,0.0,0.0,0,6.4,8.4,.761,.761,2.5,4.3,.588,3.3,6.1,9.4,2.5,2.0,2.0,0.9,3.1,15.3
Aleksej Pokusevski,PF,21,OKC,31,25,21.8,3.5,7.8,.440,1.2,3.3,.376,2.2,4.6,.486,.519,0.7,1.1,.636,1.5,3.6,5.1,2.0,0.6,1.3,1.3,1.8,8.8
Jordan Poole,PG,23,GSW,64,41,30.8,7.0,16.3,.430,2.6,8.0,.328,4.4,8.3,.528,.511,4.3,5.0,.869,0.4,2.4,2.8,4.6,0.8,0.2,3.3,2.7,21.0
Kevin Porter Jr.,PG,22,HOU,41,41,33.8,6.6,15.3,.435,2.2,6.3,.347,4.4,9.0,.496,.506,3.5,4.6,.766,1.4,4.1,5.4,5.5,1.3,0.4,3.5,2.7,19.0
Michael Porter Jr.,SF,24,DEN,47,47,29.2,6.3,13.0,.485,3.0,7.3,.408,3.4,5.8,.581,.598,1.6,2.0,.817,1.0,4.5,5.5,1.0,0.7,0.5,1.1,2.2,17.2
Otto Porter Jr.,SF,29,TOR,8,2,18.3,1.9,3.8,.500,0.8,2.1,.353,1.1,1.6,.692,.600,1.0,1.0,1.000,0.8,1.6,2.4,1.0,1.4,0.0,0.5,0.9,5.5
Bobby Portis,PF,27,MIL,51,15,26.2,5.7,11.6,.494,1.2,3.5,.339,4.6,8.2,.560,.545,1.3,1.6,.825,2.5,7.3,9.8,1.7,0.5,0.2,1.2,1.7,14.0
Kristaps Porziņģis,C,27,WAS,52,52,32.7,7.4,15.1,.490,2.1,5.4,.378,5.3,9.7,.553,.558,6.0,7.0,.849,1.9,6.6,8.5,2.5,0.9,1.5,2.2,3.1,22.8
Micah Potter,PF,24,UTA,3,0,4.7,0.7,0.7,1.000,0.0,0.0,0,0.7,0.7,1.000,1.000,0.0,0.0,0,0.3,0.7,1.0,0.7,0.0,0.0,0.0,0.7,1.3
Dwight Powell,C,31,DAL,59,47,19.8,2.6,3.6,.720,0.0,0.1,.000,2.6,3.5,.731,.720,1.7,2.4,.695,2.1,2.3,4.3,0.8,0.7,0.4,0.9,2.9,6.8
Norman Powell,SG,29,LAC,54,7,25.8,5.5,11.7,.475,2.0,4.9,.410,3.5,6.7,.522,.561,3.6,4.4,.803,0.4,2.6,2.9,1.8,0.8,0.3,1.6,2.0,16.6
Jason Preston,PG,23,LAC,13,0,9.4,1.4,3.2,.439,0.4,1.4,.278,1.0,1.8,.565,.500,0.0,0.2,.000,0.2,1.5,1.7,2.1,0.2,0.0,0.8,0.5,3.2
Joshua Primo,SG,20,SAS,4,0,23.3,2.3,6.5,.346,0.8,3.0,.250,1.5,3.5,.429,.404,1.8,2.3,.778,0.5,2.8,3.3,4.5,0.3,0.5,2.8,2.0,7.0
Taurean Prince,SF,28,MIN,39,2,21.3,3.2,6.6,.484,1.3,3.4,.388,1.9,3.2,.589,.585,0.9,1.1,.833,0.3,2.1,2.4,1.6,0.5,0.4,1.2,2.4,8.6
Payton Pritchard,PG,25,BOS,44,2,12.4,1.8,4.5,.396,0.9,2.8,.339,0.8,1.7,.487,.500,0.2,0.3,.692,0.5,1.0,1.5,1.0,0.3,0.0,0.7,0.8,4.7
Trevelin Queen,SG,25,IND,7,0,10.0,1.0,4.1,.241,0.3,2.1,.133,0.7,2.0,.357,.276,0.7,0.7,1.000,1.1,1.3,2.4,0.9,0.3,0.7,1.0,0.6,3.0
Neemias Queta,C,23,SAC,4,0,6.3,1.5,2.0,.750,0.0,0.0,0,1.5,2.0,.750,.750,0.0,0.5,.000,1.0,1.3,2.3,0.3,0.0,0.3,0.3,1.8,3.0
Immanuel Quickley,PG,23,NYK,64,10,27.6,4.6,10.3,.447,1.8,5.0,.364,2.8,5.2,.525,.536,2.1,2.5,.820,0.7,3.3,4.0,3.1,0.8,0.2,1.1,2.0,13.0
Julius Randle,PF,28,NYK,65,65,35.8,8.6,18.4,.467,2.9,8.2,.354,5.7,10.3,.557,.545,5.2,6.9,.756,2.0,8.4,10.4,4.2,0.6,0.3,2.8,3.0,25.3
Austin Reaves,SG,24,LAL,46,12,27.5,3.4,6.8,.506,1.3,3.3,.384,2.2,3.5,.621,.599,2.7,3.0,.879,0.6,2.3,2.9,2.4,0.5,0.3,1.4,1.6,10.8
Cam Reddish,SF,23,TOT,28,15,23.5,3.6,7.8,.457,1.3,3.8,.336,2.3,4.0,.571,.539,1.6,1.8,.900,0.4,1.4,1.8,1.4,0.9,0.4,1.0,1.8,10.0
Cam Reddish,SF,23,NYK,20,8,21.9,3.1,6.8,.449,0.9,2.8,.304,2.2,4.0,.550,.511,1.5,1.7,.879,0.4,1.2,1.6,1.0,0.8,0.4,0.8,1.6,8.4
Cam Reddish,SF,23,POR,8,7,27.6,4.9,10.4,.470,2.4,6.4,.373,2.5,4.0,.625,.584,2.0,2.1,.941,0.6,1.9,2.5,2.3,1.3,0.4,1.6,2.1,14.1
Davon Reed,SG,27,TOT,39,1,8.6,0.7,2.1,.325,0.4,1.2,.370,0.3,0.9,.270,.428,0.4,0.6,.667,0.3,1.2,1.5,0.5,0.4,0.1,0.5,1.0,2.2
Davon Reed,SG,27,DEN,35,1,9.0,0.7,2.3,.313,0.5,1.3,.364,0.3,1.0,.250,.413,0.4,0.6,.750,0.3,1.3,1.6,0.5,0.4,0.1,0.6,1.0,2.3
Davon Reed,SG,27,LAL,4,0,4.8,0.5,0.8,.667,0.3,0.5,.500,0.3,0.3,1.000,.833,0.3,1.0,.250,0.3,0.5,0.8,0.5,0.3,0.0,0.0,0.5,1.5
Paul Reed,C,23,PHI,49,0,9.9,1.4,2.5,.587,0.0,0.1,.000,1.4,2.4,.607,.587,0.4,0.5,.769,1.2,2.0,3.3,0.3,0.6,0.7,0.6,1.8,3.3
Naz Reid,C,23,MIN,57,11,18.1,4.3,8.1,.530,1.1,3.2,.333,3.2,4.9,.657,.596,1.1,1.7,.660,1.2,3.8,5.0,1.1,0.6,0.9,1.4,2.5,10.7
Jared Rhoden,SG,23,DET,1,0,12.0,1.0,3.0,.333,0.0,1.0,.000,1.0,2.0,.500,.333,0.0,0.0,0,0.0,1.0,1.0,0.0,0.0,0.0,0.0,3.0,2.0
Nick Richards,C,25,CHO,50,0,17.5,2.9,4.8,.608,0.0,0.0,0,2.9,4.8,.608,.608,2.0,2.7,.735,2.4,3.4,5.7,0.4,0.2,1.0,0.8,2.3,7.8
Josh Richardson,SG,29,TOT,48,10,24.1,4.1,9.3,.442,1.7,4.8,.352,2.4,4.5,.537,.532,1.3,1.5,.861,0.6,2.1,2.8,3.1,1.2,0.3,1.5,1.9,11.2
Josh Richardson,SG,29,SAS,42,6,23.7,4.2,9.7,.436,1.8,4.9,.357,2.5,4.7,.518,.527,1.3,1.4,.883,0.7,2.1,2.8,3.3,1.0,0.3,1.5,1.7,11.5
Josh Richardson,SG,29,NOP,6,4,27.0,3.5,7.0,.500,1.2,3.8,.304,2.3,3.2,.737,.583,1.5,2.0,.750,0.2,2.2,2.3,2.3,2.7,0.5,1.3,3.5,9.7
Austin Rivers,SG,30,MIN,49,10,20.4,1.9,4.2,.444,0.9,2.5,.355,1.0,1.7,.571,.549,0.6,0.8,.769,0.1,1.6,1.7,1.5,0.6,0.1,0.5,1.6,5.2
Duncan Robinson,SF,28,MIA,32,0,17.3,2.1,5.9,.360,1.6,4.8,.325,0.6,1.1,.514,.492,0.6,0.7,.909,0.3,1.6,1.9,1.2,0.4,0.0,0.7,1.9,6.4
Mitchell Robinson,C,24,NYK,43,42,27.2,3.3,4.6,.707,0.0,0.0,0,3.3,4.6,.707,.707,1.0,2.0,.477,4.2,4.9,9.1,0.9,0.9,1.7,0.5,2.9,7.5
Orlando Robinson,C,22,MIA,29,1,13.7,1.6,3.0,.535,0.0,0.2,.000,1.6,2.8,.568,.535,0.7,1.0,.724,1.5,2.6,4.1,0.7,0.4,0.4,0.5,1.8,3.9
Jeremiah Robinson-Earl,PF,22,OKC,33,19,20.0,2.8,6.2,.451,0.9,2.8,.330,1.8,3.3,.555,.527,0.9,1.1,.806,1.8,2.6,4.5,1.0,0.6,0.3,0.5,1.7,7.4
Isaiah Roby,PF,24,SAS,42,2,11.3,1.6,3.7,.432,0.4,1.4,.300,1.2,2.3,.516,.490,0.5,1.0,.488,0.5,2.0,2.5,0.9,0.4,0.2,0.7,1.3,4.1
David Roddy,PF,21,MEM,50,1,16.8,2.3,5.5,.420,0.8,2.8,.290,1.5,2.7,.551,.493,0.6,1.0,.625,0.6,1.9,2.5,0.6,0.5,0.2,0.9,1.4,6.0
Ryan Rollins,PG,20,GSW,12,0,5.2,0.6,1.7,.350,0.3,0.8,.333,0.3,0.9,.364,.425,0.5,0.5,1.000,0.3,0.8,1.0,0.5,0.1,0.1,1.3,0.8,1.9
Derrick Rose,PG,34,NYK,27,0,12.5,2.3,5.9,.384,0.7,2.3,.302,1.6,3.6,.438,.443,0.4,0.4,.917,0.3,1.2,1.5,1.7,0.3,0.2,0.8,0.7,5.6
Terrence Ross,SG,31,TOT,45,9,22.4,3.2,7.3,.433,1.5,3.9,.373,1.7,3.4,.503,.534,0.4,0.5,.727,0.2,1.9,2.2,1.3,0.6,0.2,0.8,1.4,8.1
Terrence Ross,SG,31,ORL,42,9,22.5,3.1,7.1,.431,1.5,3.8,.381,1.6,3.3,.489,.533,0.4,0.5,.750,0.2,1.8,2.0,1.3,0.6,0.2,0.9,1.3,8.0
Terrence Ross,SG,31,PHO,3,0,21.7,4.3,9.7,.448,1.7,5.7,.294,2.7,4.0,.667,.534,0.3,0.7,.500,0.3,3.7,4.0,2.0,0.3,0.0,0.0,2.7,10.7
Terry Rozier,SG,28,CHO,54,54,35.7,7.9,19.0,.414,2.7,8.1,.332,5.1,10.8,.476,.485,3.0,3.6,.816,0.9,3.3,4.1,4.8,1.1,0.2,2.2,1.8,21.4
Ricky Rubio,PG,32,CLE,17,0,16.1,1.6,5.2,.315,0.8,2.9,.280,0.8,2.3,.359,.393,0.9,1.3,.727,0.2,2.1,2.3,3.4,1.1,0.1,0.8,1.5,5.1
D'Angelo Russell,PG,26,TOT,58,58,32.4,6.2,13.3,.464,2.7,6.8,.389,3.5,6.4,.543,.564,2.6,3.1,.850,0.5,2.6,3.1,6.1,1.1,0.4,2.6,2.1,17.6
D'Angelo Russell,PG,26,MIN,54,54,32.9,6.3,13.5,.465,2.7,7.0,.391,3.5,6.4,.546,.567,2.6,3.1,.856,0.5,2.5,3.1,6.2,1.1,0.4,2.7,2.2,17.9
D'Angelo Russell,PG,26,LAL,4,4,24.8,4.8,10.8,.442,1.5,4.3,.353,3.3,6.5,.500,.512,2.5,3.3,.769,0.5,3.0,3.5,5.0,0.3,0.0,1.5,1.3,13.5
Matt Ryan,SF,25,TOT,32,0,9.5,1.3,3.3,.374,1.0,2.6,.386,0.3,0.8,.333,.523,0.3,0.4,.833,0.1,0.7,0.8,0.5,0.2,0.0,0.2,0.8,3.8
Matt Ryan,SF,25,LAL,12,0,10.8,1.3,4.1,.306,1.1,2.9,.371,0.2,1.2,.143,.439,0.3,0.4,.800,0.2,1.0,1.2,0.3,0.2,0.0,0.3,1.2,3.9
Matt Ryan,SF,25,MIN,20,0,8.7,1.3,2.9,.431,1.0,2.4,.396,0.3,0.5,.600,.595,0.3,0.4,.857,0.1,0.5,0.6,0.6,0.2,0.1,0.2,0.7,3.8
Domantas Sabonis,C,26,SAC,60,60,34.5,7.1,11.5,.617,0.4,1.2,.348,6.7,10.4,.647,.634,4.2,5.5,.769,3.0,9.4,12.3,7.0,0.9,0.5,3.0,3.7,18.9
Dario Šarić,PF,28,TOT,44,12,14.5,2.3,4.9,.458,0.8,2.0,.400,1.4,2.9,.500,.542,1.1,1.3,.847,1.0,2.8,3.8,1.4,0.3,0.1,1.1,1.9,6.5
Dario Šarić,PF,28,PHO,37,12,14.4,2.1,4.8,.427,0.7,1.9,.391,1.3,2.9,.450,.503,1.0,1.2,.818,1.1,2.8,3.8,1.5,0.4,0.1,1.0,1.9,5.8
Dario Šarić,PF,28,OKC,7,0,15.0,3.3,5.4,.605,1.3,3.0,.429,2.0,2.4,.824,.724,2.0,2.1,.933,0.7,2.9,3.6,0.9,0.1,0.0,1.6,2.1,9.9
Jordan Schakel,SF,24,WAS,2,0,3.0,0.5,1.0,.500,0.5,0.5,1.000,0.0,0.5,.000,.750,0.0,0.0,0,0.0,0.0,0.0,0.5,0.5,0.0,0.0,0.5,1.5
Admiral Schofield,PF,25,ORL,30,0,12.0,1.5,3.1,.479,0.6,1.9,.339,0.9,1.3,.684,.580,0.6,0.6,.895,0.6,1.1,1.7,0.8,0.2,0.1,0.2,1.8,4.2
Dennis Schröder,PG,29,LAL,50,45,30.9,4.1,9.8,.418,1.2,3.5,.337,2.9,6.3,.463,.479,3.2,3.7,.869,0.3,2.3,2.5,4.6,0.7,0.1,1.7,2.3,12.6
Dereon Seabron,SG,22,NOP,5,0,2.4,0.4,1.0,.400,0.0,0.0,0,0.4,1.0,.400,.400,0.0,0.0,0,0.2,0.0,0.2,0.0,0.0,0.0,0.0,0.2,0.8
Alperen Şengün,C,20,HOU,57,54,28.2,5.8,10.5,.553,0.2,0.7,.310,5.6,9.8,.572,.564,2.9,3.9,.737,3.2,5.5,8.6,3.9,0.8,0.9,2.5,3.4,14.8
Collin Sexton,SG,24,UTA,47,15,24.0,4.9,9.7,.507,1.0,2.5,.410,3.9,7.2,.540,.559,3.4,4.2,.822,0.8,1.4,2.2,2.9,0.6,0.1,1.8,2.3,14.3
Landry Shamet,SG,25,PHO,30,7,21.4,3.1,8.1,.380,2.0,5.4,.377,1.0,2.7,.388,.506,1.4,1.5,.911,0.3,1.4,1.7,2.2,0.6,0.2,1.0,1.5,9.5
Day'Ron Sharpe,C,21,BRK,35,2,10.6,1.7,3.1,.532,0.1,0.2,.625,1.5,2.9,.525,.555,0.5,0.8,.593,1.7,2.1,3.8,0.8,0.2,0.6,0.9,2.0,3.9
Shaedon Sharpe,SG,19,POR,62,5,20.4,3.2,6.8,.467,1.0,2.9,.337,2.2,3.9,.561,.538,0.5,0.8,.680,0.8,1.8,2.6,0.7,0.4,0.3,0.7,1.6,7.9
Pascal Siakam,C,28,TOR,54,54,37.5,9.0,18.9,.475,1.4,4.2,.342,7.6,14.7,.513,.513,5.6,7.3,.769,1.9,5.9,7.8,6.0,0.8,0.6,2.5,3.3,25.0
Chris Silva,PF,26,DAL,1,0,3.0,1.0,1.0,1.000,0.0,0.0,0,1.0,1.0,1.000,1.000,0.0,0.0,0,0.0,0.0,0.0,0.0,0.0,0.0,1.0,2.0,2.0
Ben Simmons,PG,26,BRK,42,33,26.3,3.2,5.6,.566,0.0,0.0,.000,3.2,5.5,.571,.566,0.6,1.4,.439,1.0,5.3,6.3,6.1,1.3,0.6,2.3,3.3,6.9
Marko Simonovic,C,23,CHI,3,0,1.7,0.0,0.3,.000,0.0,0.3,.000,0.0,0.0,0,.000,0.0,0.0,0,0.0,0.0,0.0,0.0,0.0,0.0,0.0,0.3,0.0
Anfernee Simons,SG,23,POR,57,57,35.3,7.5,16.8,.448,3.4,9.1,.378,4.1,7.7,.530,.550,2.6,2.8,.913,0.3,2.4,2.7,4.1,0.7,0.2,2.1,2.3,21.1
Jericho Sims,C,24,NYK,49,16,15.8,1.6,2.1,.769,0.0,0.0,.000,1.6,2.1,.777,.769,0.2,0.3,.750,1.9,2.8,4.7,0.5,0.3,0.6,0.5,1.9,3.5
Marcus Smart,PG,28,BOS,47,47,32.4,4.1,9.6,.423,1.8,5.3,.336,2.3,4.4,.527,.514,1.5,2.0,.774,0.7,2.7,3.4,6.8,1.5,0.4,2.4,2.7,11.4
Dennis Smith Jr.,PG,25,CHO,43,12,25.2,3.3,8.0,.421,0.4,1.9,.210,3.0,6.1,.487,.446,1.4,1.9,.747,0.4,2.3,2.8,4.5,1.4,0.4,1.5,2.2,8.5
Dru Smith,SG,25,TOT,9,1,11.2,1.2,2.9,.423,0.3,1.3,.250,0.9,1.6,.571,.481,0.0,0.0,0,0.1,1.6,1.7,1.1,1.0,0.3,0.2,1.4,2.8
Dru Smith,SG,25,MIA,5,1,13.4,1.0,2.8,.357,0.2,1.2,.167,0.8,1.6,.500,.393,0.0,0.0,0,0.2,1.6,1.8,1.0,0.8,0.6,0.2,2.0,2.2
Dru Smith,SG,25,BRK,4,0,8.5,1.5,3.0,.500,0.5,1.5,.333,1.0,1.5,.667,.583,0.0,0.0,0,0.0,1.5,1.5,1.3,1.3,0.0,0.3,0.8,3.5
Ish Smith,PG,34,DEN,32,0,9.9,1.3,3.1,.430,0.1,0.2,.333,1.3,2.9,.436,.440,0.0,0.1,.500,0.1,1.3,1.4,2.3,0.2,0.2,1.2,0.8,2.8
Jabari Smith Jr.,PF,19,HOU,59,59,30.0,4.2,10.8,.383,1.5,5.2,.291,2.6,5.7,.467,.452,1.9,2.5,.788,1.3,5.7,7.1,1.2,0.5,1.0,1.4,2.9,11.8
Jalen Smith,PF,22,IND,53,28,18.2,3.4,7.3,.463,0.8,2.9,.279,2.6,4.4,.583,.518,1.5,1.9,.765,1.8,3.9,5.7,0.9,0.3,0.8,1.1,2.1,9.1
Jeremy Sochan,PF,19,SAS,51,48,26.1,4.3,9.6,.446,0.6,2.2,.254,3.7,7.4,.504,.475,1.4,2.0,.689,1.8,3.4,5.1,2.6,0.7,0.4,1.7,2.5,10.5
Jaden Springer,SG,20,PHI,7,0,3.7,1.0,1.7,.583,0.0,0.0,0,1.0,1.7,.583,.583,0.4,0.6,.750,0.6,0.4,1.0,0.1,0.3,0.3,0.1,1.0,2.4
Lamar Stevens,PF,25,CLE,45,18,17.4,2.0,4.4,.457,0.4,1.5,.303,1.6,3.0,.534,.508,0.6,0.9,.718,0.6,2.4,3.0,0.6,0.4,0.3,0.5,1.2,5.1
Isaiah Stewart,C,21,DET,50,47,28.3,3.9,8.8,.442,1.3,4.1,.327,2.6,4.7,.542,.518,2.2,3.0,.738,2.3,5.8,8.1,1.4,0.4,0.7,1.4,2.7,11.3
Max Strus,SF,26,MIA,62,27,29.7,4.3,10.6,.401,2.5,7.5,.335,1.8,3.2,.553,.518,1.1,1.3,.877,0.7,2.8,3.5,2.2,0.6,0.2,1.0,2.2,12.2
Jalen Suggs,PG,21,ORL,39,14,23.2,3.4,8.1,.413,1.1,3.6,.305,2.3,4.5,.500,.481,1.6,2.3,.705,1.0,1.9,2.9,3.2,1.2,0.5,1.9,2.4,9.4
Edmond Sumner,SG,27,BRK,46,12,14.5,2.5,5.3,.459,0.6,1.8,.346,1.8,3.6,.515,.516,1.9,2.1,.926,0.2,1.3,1.6,1.4,0.7,0.2,1.0,1.7,7.4
Cole Swider,SF,23,LAL,6,0,6.7,0.5,1.5,.333,0.5,1.3,.375,0.0,0.2,.000,.500,0.0,0.0,0,0.2,1.0,1.2,0.7,0.0,0.0,0.0,0.5,1.5
Jae'Sean Tate,SF,27,HOU,23,7,21.4,3.4,7.3,.467,0.4,1.4,.273,3.0,5.8,.515,.494,1.3,2.0,.674,1.5,2.2,3.7,2.5,0.6,0.2,1.5,3.3,8.5
Jayson Tatum,PF,24,BOS,60,60,37.3,9.9,21.4,.462,3.2,9.2,.350,6.6,12.1,.547,.537,7.2,8.4,.863,1.1,7.7,8.8,4.8,1.0,0.8,3.0,2.1,30.2
Terry Taylor,PF,23,TOT,28,2,8.4,1.1,2.4,.478,0.1,0.6,.222,1.0,1.8,.571,.507,0.2,0.3,.714,0.8,0.6,1.4,0.4,0.1,0.2,0.3,0.9,2.6
Terry Taylor,PF,23,IND,26,2,8.8,1.2,2.5,.462,0.2,0.7,.222,1.0,1.8,.553,.492,0.2,0.3,.714,0.8,0.7,1.5,0.4,0.1,0.2,0.3,0.9,2.7
Terry Taylor,PF,23,CHI,2,0,3.0,1.0,1.0,1.000,0.0,0.0,0,1.0,1.0,1.000,1.000,0.0,0.0,0,0.0,0.0,0.0,0.0,0.0,0.0,0.0,0.5,2.0
Garrett Temple,SG,36,NOP,19,0,7.0,0.8,1.9,.405,0.5,1.1,.429,0.3,0.8,.375,.527,0.2,0.2,.750,0.1,0.5,0.6,0.5,0.5,0.1,0.2,0.7,2.2
Dalen Terry,SG,20,CHI,26,0,4.9,0.7,1.5,.450,0.2,0.6,.333,0.5,1.0,.520,.513,0.2,0.4,.500,0.3,0.5,0.7,0.6,0.2,0.2,0.2,0.4,1.8
Daniel Theis,C,30,IND,7,1,15.6,3.0,6.3,.477,0.3,1.6,.182,2.7,4.7,.576,.500,0.7,1.7,.417,1.0,2.1,3.1,1.3,0.3,0.9,0.4,1.0,7.0
Cam Thomas,SG,21,BRK,46,3,17.2,3.6,8.1,.441,0.9,2.3,.383,2.7,5.8,.464,.496,2.9,3.4,.854,0.2,1.6,1.7,1.6,0.4,0.1,1.1,1.1,11.0
Klay Thompson,SG,32,GSW,52,52,32.7,7.9,18.4,.430,4.3,10.6,.409,3.6,7.8,.459,.548,1.9,2.2,.893,0.6,3.4,4.1,2.5,0.7,0.3,1.8,1.9,22.1
JT Thor,PF,20,CHO,52,4,11.7,0.9,2.6,.358,0.3,1.3,.246,0.6,1.4,.458,.416,0.3,0.6,.621,0.6,1.3,1.8,0.4,0.3,0.2,0.4,0.8,2.5
Matisse Thybulle,SG,25,TOT,56,13,14.4,1.3,2.9,.451,0.7,1.7,.394,0.7,1.3,.529,.564,0.2,0.2,.692,0.6,1.1,1.7,0.6,1.1,0.4,0.2,1.5,3.5
Matisse Thybulle,SG,25,PHI,49,6,12.1,1.0,2.4,.431,0.4,1.3,.333,0.6,1.1,.547,.522,0.2,0.2,.750,0.4,0.9,1.3,0.5,0.9,0.3,0.2,1.3,2.7
Matisse Thybulle,SG,25,POR,7,7,30.7,3.4,6.9,.500,2.3,4.4,.516,1.1,2.4,.471,.667,0.0,0.1,.000,1.6,2.7,4.3,1.9,2.1,1.6,0.6,3.0,9.1
Xavier Tillman Sr.,PF,24,MEM,43,12,16.4,2.4,4.1,.594,0.1,0.3,.308,2.3,3.8,.617,.606,0.8,1.5,.538,1.9,2.5,4.4,1.3,0.8,0.4,0.6,1.5,5.7
Isaiah Todd,PF,21,WAS,4,0,3.3,0.3,1.0,.250,0.0,0.8,.000,0.3,0.3,1.000,.250,0.0,0.0,0,0.0,0.0,0.0,0.0,0.0,0.0,0.0,0.0,0.5
Obi Toppin,PF,24,NYK,50,0,14.7,2.3,5.5,.408,1.1,3.3,.335,1.2,2.3,.513,.507,0.5,0.7,.758,0.5,2.5,3.0,0.8,0.3,0.2,0.5,1.0,6.1
Juan Toscano-Anderson,SF,29,TOT,35,7,12.4,1.0,2.3,.456,0.1,0.7,.208,0.9,1.6,.564,.487,0.3,0.4,.733,0.5,1.7,2.2,0.9,0.3,0.2,0.6,1.5,2.5
Juan Toscano-Anderson,SF,29,LAL,30,7,12.2,1.1,2.2,.500,0.1,0.7,.200,1.0,1.5,.630,.530,0.4,0.5,.733,0.5,1.6,2.0,0.8,0.3,0.2,0.6,1.5,2.7
Juan Toscano-Anderson,SF,29,UTA,5,0,14.0,0.6,2.6,.231,0.2,0.8,.250,0.4,1.8,.222,.269,0.0,0.0,0,0.4,2.8,3.2,1.0,0.4,0.2,0.6,1.6,1.4
Karl-Anthony Towns,PF,27,MIN,21,21,33.8,7.3,14.4,.505,1.8,5.6,.325,5.5,8.9,.618,.568,4.4,5.0,.885,1.7,6.5,8.2,5.3,0.8,0.7,3.1,3.9,20.8
Gary Trent Jr.,SG,24,TOR,55,43,33.2,6.4,14.7,.433,2.6,7.2,.366,3.7,7.5,.498,.523,2.8,3.3,.842,0.4,2.2,2.6,1.6,1.6,0.3,0.9,1.6,18.2
P.J. Tucker,PF,37,PHI,60,60,26.0,1.3,3.0,.433,0.8,1.8,.417,0.5,1.2,.457,.559,0.3,0.4,.864,1.3,2.7,4.0,0.8,0.5,0.2,0.6,2.5,3.6
Myles Turner,C,26,IND,54,54,30.0,6.5,11.9,.547,1.7,4.2,.400,4.8,7.7,.626,.617,3.5,4.4,.786,1.5,6.4,7.9,1.4,0.6,2.3,1.7,3.4,18.1
Stanley Umude,SG,23,DET,1,0,2.0,0.0,1.0,.000,0.0,1.0,.000,0.0,0.0,0,.000,2.0,2.0,1.000,0.0,0.0,0.0,0.0,1.0,1.0,0.0,0.0,2.0
Jonas Valančiūnas,C,30,NOP,61,61,24.9,5.6,10.4,.542,0.5,1.5,.337,5.1,8.9,.577,.566,2.5,3.0,.821,2.8,6.9,9.7,1.7,0.3,0.5,1.9,3.1,14.2
Jarred Vanderbilt,PF,23,TOT,60,47,24.2,3.3,5.9,.558,0.4,1.1,.328,2.9,4.8,.609,.588,1.3,1.9,.681,2.4,5.5,7.8,2.6,1.1,0.3,1.3,2.5,8.2
Jarred Vanderbilt,PF,23,UTA,52,41,24.1,3.3,6.0,.556,0.4,1.1,.333,3.0,4.9,.606,.587,1.3,2.0,.657,2.3,5.5,7.9,2.7,1.0,0.3,1.3,2.6,8.3
Jarred Vanderbilt,PF,23,LAL,8,6,24.4,3.0,5.3,.571,0.3,0.9,.286,2.8,4.4,.629,.595,1.5,1.8,.857,2.5,5.1,7.6,1.9,1.5,0.4,1.4,2.0,7.8
Fred VanVleet,PG,28,TOR,52,52,37.0,6.3,16.3,.388,2.9,8.8,.336,3.4,7.5,.450,.479,3.7,4.2,.894,0.5,3.8,4.3,6.7,1.6,0.6,1.9,2.8,19.3
Devin Vassell,SG,22,SAS,30,24,31.0,7.1,15.9,.448,2.8,7.0,.400,4.3,8.9,.485,.536,2.3,2.9,.793,0.2,3.7,3.9,3.5,1.2,0.4,1.5,1.4,19.4
Gabe Vincent,PG,26,MIA,50,16,26.4,3.3,8.6,.387,1.7,5.4,.317,1.6,3.2,.506,.487,1.1,1.3,.877,0.4,1.9,2.3,2.5,0.9,0.1,1.4,2.5,9.5
Noah Vonleh,C,27,BOS,23,1,7.4,0.5,1.0,.458,0.0,0.2,.250,0.4,0.9,.500,.479,0.1,0.1,1.000,0.8,1.3,2.1,0.3,0.1,0.3,0.5,1.5,1.1
Nikola Vučević,C,32,CHI,64,64,33.8,7.3,14.2,.512,1.6,4.6,.349,5.6,9.6,.590,.568,1.6,1.9,.813,2.0,9.3,11.3,3.3,0.7,0.8,1.7,2.2,17.7
Dean Wade,PF,26,CLE,35,9,20.8,1.8,4.1,.428,1.1,2.9,.373,0.7,1.2,.558,.559,0.4,0.7,.652,0.5,3.2,3.6,0.9,0.7,0.5,0.4,2.2,5.1
Franz Wagner,SF,21,ORL,63,63,32.8,6.8,13.9,.486,1.7,4.5,.370,5.1,9.4,.541,.546,3.5,4.2,.836,0.9,3.0,3.9,3.4,0.9,0.2,2.1,2.3,18.7
Moritz Wagner,C,25,ORL,43,14,20.6,3.6,7.4,.492,1.0,3.1,.311,2.7,4.2,.626,.558,2.7,3.2,.855,1.3,3.3,4.6,1.6,0.7,0.2,1.2,2.7,11.0
Ish Wainright,SF,28,PHO,46,1,15.1,1.4,3.7,.385,0.9,2.7,.341,0.5,0.9,.512,.512,0.5,0.5,.840,0.8,1.3,2.1,1.0,0.8,0.3,0.4,2.0,4.2
Jabari Walker,SF,20,POR,42,0,8.9,1.0,2.3,.439,0.1,0.6,.192,0.9,1.7,.528,.464,0.5,0.7,.724,0.8,1.2,2.0,0.5,0.1,0.2,0.3,1.0,2.7
Kemba Walker,PG,32,DAL,9,1,16.0,2.7,6.3,.421,0.8,3.1,.250,1.9,3.2,.586,.482,1.9,2.3,.810,0.3,1.4,1.8,2.1,0.2,0.2,0.4,1.2,8.0
Lonnie Walker IV,SG,24,LAL,47,32,25.6,4.6,10.3,.451,1.8,4.8,.375,2.9,5.5,.517,.538,1.9,2.1,.870,0.3,1.9,2.1,1.3,0.6,0.3,0.9,1.4,12.9
John Wall,PG,32,LAC,34,3,22.2,4.1,9.9,.408,1.0,3.2,.303,3.1,6.7,.459,.457,2.3,3.3,.681,0.4,2.3,2.7,5.2,0.8,0.4,2.4,1.7,11.4
T.J. Warren,PF-SF,29,TOT,29,0,17.9,3.7,7.2,.505,0.6,1.7,.340,3.1,5.5,.556,.545,0.9,1.1,.818,0.5,2.2,2.8,1.0,0.6,0.3,0.6,1.6,8.8
T.J. Warren,PF,29,BRK,26,0,18.8,3.9,7.7,.510,0.6,1.8,.333,3.3,5.8,.566,.550,1.0,1.3,.818,0.5,2.3,2.8,1.1,0.6,0.3,0.7,1.7,9.5
T.J. Warren,SF,29,PHO,3,0,9.3,1.3,3.3,.400,0.3,0.7,.500,1.0,2.7,.375,.450,0.0,0.0,0,0.7,2.0,2.7,0.0,0.7,0.3,0.3,0.7,3.0
Duane Washington Jr.,SG,22,PHO,31,3,12.7,3.0,8.3,.367,1.3,3.6,.360,1.7,4.7,.372,.445,0.5,0.8,.667,0.1,1.1,1.2,2.0,0.2,0.1,1.1,0.7,7.9
P.J. Washington,PF,24,CHO,60,60,32.9,5.8,13.0,.444,2.0,5.8,.350,3.8,7.2,.518,.521,1.7,2.3,.748,1.0,3.7,4.8,2.4,0.9,1.1,1.4,2.7,15.3
TyTy Washington Jr.,PG,21,HOU,27,2,14.5,2.0,5.5,.358,0.6,2.7,.222,1.4,2.8,.487,.412,0.4,0.6,.625,0.1,1.4,1.4,1.7,0.4,0.1,0.5,1.0,4.9
Yuta Watanabe,SF,28,BRK,44,0,17.8,2.3,4.4,.521,1.2,2.5,.482,1.1,1.9,.571,.657,0.7,0.9,.744,0.6,1.9,2.5,0.9,0.4,0.3,0.4,1.5,6.5
Lindy Waters III,SG,25,OKC,26,0,11.4,1.5,3.7,.396,1.3,3.4,.371,0.2,0.3,.714,.568,0.3,0.4,.800,0.3,1.4,1.7,0.7,0.4,0.3,0.2,1.0,4.5
Trendon Watford,PF,22,POR,47,2,17.0,2.2,3.8,.573,0.3,0.8,.410,1.8,3.0,.619,.618,1.1,1.5,.714,0.7,2.7,3.4,1.9,0.4,0.1,1.1,1.9,5.7
Peyton Watson,SG,20,DEN,14,0,3.1,0.7,1.4,.526,0.1,0.3,.500,0.6,1.1,.533,.579,0.0,0.1,.000,0.2,0.4,0.6,0.1,0.0,0.1,0.1,0.1,1.6
Blake Wesley,SG,19,SAS,19,1,14.5,1.8,4.7,.393,0.6,1.3,.500,1.2,3.4,.354,.461,0.6,1.0,.579,0.2,1.6,1.8,1.5,0.5,0.1,1.5,1.9,4.9
Russell Westbrook,PG,34,TOT,57,8,28.9,5.9,13.9,.426,1.2,4.0,.297,4.7,9.9,.479,.469,2.9,4.4,.664,1.1,4.9,6.0,7.6,1.1,0.4,3.6,2.4,16.0
Russell Westbrook,PG,34,LAL,52,3,28.7,5.8,14.0,.417,1.2,4.1,.296,4.6,9.9,.467,.460,3.0,4.6,.655,1.1,5.0,6.2,7.5,1.0,0.4,3.5,2.3,15.9
Russell Westbrook,PG,34,LAC,5,5,31.2,6.6,12.4,.532,1.0,3.2,.313,5.6,9.2,.609,.573,2.4,3.0,.800,0.6,3.2,3.8,8.8,1.6,0.4,4.4,3.0,16.6
Coby White,SG,22,CHI,56,1,22.4,3.2,7.5,.420,1.6,4.6,.359,1.5,2.9,.515,.530,0.9,1.1,.850,0.2,2.4,2.6,2.2,0.8,0.1,0.8,1.6,8.9
Derrick White,SG,28,BOS,64,52,27.6,4.1,9.0,.457,1.7,4.6,.376,2.4,4.4,.543,.554,2.0,2.3,.868,0.6,2.8,3.3,3.8,0.7,0.9,1.1,2.2,11.9
Jack White,SF,25,DEN,15,0,3.1,0.5,1.1,.438,0.2,0.5,.375,0.3,0.5,.500,.531,0.1,0.2,.667,0.2,0.3,0.5,0.1,0.1,0.1,0.1,0.5,1.3
Joe Wieskamp,SF,23,TOR,3,0,8.0,1.0,2.7,.375,1.0,2.3,.429,0.0,0.3,.000,.563,0.0,0.0,0,0.0,0.7,0.7,0.3,0.0,0.0,0.3,0.3,3.0
Aaron Wiggins,SG,24,OKC,51,12,19.0,2.7,5.2,.517,0.7,1.8,.396,2.0,3.4,.580,.585,0.8,1.0,.804,1.1,2.1,3.2,1.4,0.5,0.2,0.8,1.7,6.9
Andrew Wiggins,SF,27,GSW,37,37,32.2,6.8,14.3,.473,2.4,6.1,.396,4.4,8.2,.530,.557,1.2,1.9,.611,1.6,3.4,5.0,2.3,1.2,0.8,1.3,2.9,17.1
Alondes Williams,SG,23,BRK,1,0,5.0,0.0,0.0,0,0.0,0.0,0,0.0,0.0,0,0,0.0,0.0,0,0.0,1.0,1.0,0.0,0.0,0.0,2.0,1.0,0.0
Grant Williams,PF,24,BOS,62,21,27.2,2.8,6.1,.456,1.5,3.6,.404,1.3,2.5,.532,.576,1.3,1.6,.820,1.1,3.7,4.7,1.8,0.6,0.4,1.1,2.6,8.3
Jalen Williams,SG,21,OKC,59,46,29.4,5.2,10.0,.514,0.9,2.7,.335,4.2,7.3,.580,.559,1.7,2.2,.771,1.0,3.2,4.2,3.1,1.3,0.5,1.5,2.6,12.9
Jaylin Williams,PF,20,OKC,31,18,17.2,2.0,4.6,.438,0.8,1.9,.417,1.2,2.7,.452,.524,0.6,0.9,.690,0.9,4.0,4.9,1.5,0.4,0.3,0.7,2.0,5.5
Kenrich Williams,PF,28,OKC,53,10,22.8,3.4,6.5,.517,0.9,2.5,.373,2.4,4.0,.608,.590,0.3,0.7,.436,1.8,3.1,4.9,2.0,0.8,0.3,0.6,2.1,8.0
Mark Williams,C,21,CHO,34,9,17.4,3.4,5.4,.637,0.0,0.0,0,3.4,5.4,.637,.637,1.6,2.1,.736,2.1,4.3,6.4,0.4,0.7,1.1,0.9,2.3,8.4
Patrick Williams,PF,21,CHI,64,59,28.8,3.8,8.3,.462,1.4,3.4,.409,2.4,4.9,.498,.545,1.1,1.3,.857,1.0,3.3,4.3,1.3,0.8,0.8,1.3,1.9,10.1
Robert Williams,C,25,BOS,28,18,24.2,3.9,5.1,.750,0.0,0.0,.000,3.9,5.1,.755,.750,0.7,1.1,.625,3.1,5.5,8.6,1.5,0.5,1.2,0.9,1.9,8.4
Vince Williams Jr.,SG,22,MEM,11,0,4.7,0.4,1.3,.286,0.2,0.9,.200,0.2,0.4,.500,.357,0.0,0.0,0,0.2,0.5,0.6,0.3,0.4,0.1,0.1,0.5,0.9
Ziaire Williams,SF,21,MEM,31,3,16.0,2.2,5.3,.411,0.6,2.7,.241,1.5,2.6,.588,.472,0.4,0.5,.765,0.4,1.9,2.3,0.8,0.4,0.2,1.0,1.7,5.4
Zion Williamson,PF,22,NOP,29,29,33.0,9.8,16.2,.608,0.2,0.7,.368,9.6,15.5,.618,.615,6.1,8.6,.714,2.0,5.0,7.0,4.6,1.1,0.6,3.4,2.2,26.0
Justise Winslow,SF,26,POR,29,11,26.8,2.8,6.8,.409,0.5,1.6,.311,2.3,5.3,.438,.444,0.7,1.0,.714,1.7,3.3,5.0,3.4,1.0,0.4,1.5,3.1,6.8
James Wiseman,C,21,TOT,26,3,14.8,3.3,5.3,.616,0.1,0.3,.286,3.2,5.0,.634,.623,1.2,1.8,.667,1.1,3.3,4.4,0.6,0.1,0.3,0.8,2.0,7.8
James Wiseman,C,21,GSW,21,0,12.5,2.8,4.5,.628,0.0,0.1,.500,2.8,4.4,.630,.633,1.2,1.8,.684,0.9,2.6,3.5,0.7,0.1,0.3,0.7,1.9,6.9
James Wiseman,C,21,DET,5,3,24.6,5.2,8.8,.591,0.2,1.0,.200,5.0,7.8,.641,.602,1.2,2.0,.600,2.2,6.0,8.2,0.4,0.0,0.2,1.6,2.8,11.8
Christian Wood,C,27,DAL,52,17,27.0,6.3,12.1,.521,1.7,4.6,.368,4.6,7.5,.614,.591,3.1,4.1,.761,1.3,6.5,7.8,1.7,0.4,1.1,1.9,2.7,17.4
Delon Wright,PG,30,WAS,33,5,23.2,2.5,5.3,.474,0.8,2.3,.364,1.7,3.0,.561,.554,0.9,1.0,.912,1.2,2.2,3.3,3.8,1.9,0.3,0.9,1.3,6.8
McKinley Wright IV,PG,24,DAL,20,1,10.3,1.2,2.5,.469,0.2,0.7,.286,1.0,1.8,.543,.510,0.4,0.6,.636,0.3,1.0,1.3,1.9,0.4,0.2,0.6,0.9,2.9
Thaddeus Young,PF,34,TOR,51,9,15.3,2.1,3.8,.554,0.1,0.7,.176,2.0,3.1,.635,.570,0.4,0.5,.692,1.4,1.8,3.2,1.5,1.1,0.1,0.8,1.7,4.7
Trae Young,PG,24,ATL,56,56,35.2,8.5,19.8,.429,2.2,6.6,.331,6.3,13.2,.478,.484,7.9,8.8,.891,0.8,2.3,3.0,10.1,1.1,0.2,4.1,1.5,27.0
Cody Zeller,C,30,MIA,5,0,14.4,1.8,2.8,.643,0.0,0.0,0,1.8,2.8,.643,.643,1.8,2.6,.692,1.4,1.2,2.6,0.8,0.2,0.6,0.8,2.4,5.4
Ivica Zubac,C,25,LAC,60,60,29.4,4.0,6.5,.619,0.0,0.0,.000,4.0,6.5,.622,.619,2.2,3.1,.703,3.3,6.8,10.1,1.1,0.4,1.3,1.7,3.0,10.2
